Tanggal,Nama Abon,Jenis Abon,Berat Kemasan,Jumlah,Harga Satuan,Total
13/01/2025,Abon Ikan,Pedas,100 gram,19,"Rp22.000,00","Rp418.000,00"
13/01/2025,Abon Ikan,Manis,200 gram,3,"Rp38.000,00","Rp114.000,00"
13/01/2025,Abon Ayam,Pedas,200 gram,7,"Rp43.000,00","Rp301.000,00"
13/01/2025,Abon Ayam,Pedas,100 gram,2,"Rp27.000,00","Rp54.000,00"
13/01/2025,Abon Ikan,Pedas,500 gram,2,"Rp80.000,00","Rp160.000,00"
13/01/2025,Abon Sapi,Manis,500 gram,2,"Rp88.000,00","Rp176.000,00"
13/01/2025,Abon Ikan,Manis,500 gram,3,"Rp80.000,00","Rp240.000,00"
13/01/2025,Abon Ikan,Pedas,100 gram,3,"Rp22.000,00","Rp66.000,00"
13/01/2025,Abon Ikan,Pedas,200 gram,1,"Rp38.000,00","Rp38.000,00"
14/01/2025,Abon Ayam,Manis,100 gram,3,"Rp22.000,00","Rp66.000,00"
14/01/2025,Abon Ayam,Manis,100 gram,2,"Rp22.000,00","Rp44.000,00"
14/01/2025,Abon Sapi,Pedas,100 gram,1,"Rp30.000,00","Rp30.000,00"
14/01/2025,Abon Sapi,Pedas,100 gram,3,"Rp30.000,00","Rp90.000,00"
14/01/2025,Abon Ikan,Manis,200 gram,1,"Rp38.000,00","Rp38.000,00"
15/01/2025,Abon Ikan,Manis,200 gram,1,"Rp38.000,00","Rp38.000,00"
15/01/2025,Abon Ikan,Manis,200 gram,1,"Rp38.000,00","Rp38.000,00"
15/01/2025,Abon Ikan,Pedas,100 gram,2,"Rp22.000,00","Rp44.000,00"
16/01/2025,Abon Ikan,Pedas,100 gram,1,"Rp22.000,00","Rp22.000,00"
16/01/2025,Abon Ikan,Pedas,200 gram,2,"Rp38.000,00","Rp76.000,00"
16/01/2025,Abon Ayam,Pedas,100 gram,5,"Rp27.000,00","Rp135.000,00"
16/01/2025,Abon Sapi,Manis,100 gram,2,"Rp30.000,00","Rp60.000,00"
16/01/2025,Abon Sapi,Manis,200 gram,1,"Rp46.000,00","Rp46.000,00"
16/01/2025,Abon Sapi,Manis,500 gram,15,"Rp88.000,00","Rp1.320.000,00"
16/01/2025,Abon Ikan,Manis,200 gram,1,"Rp38.000,00","Rp38.000,00"
16/01/2025,Abon Ayam,Pedas,100 gram,1,"Rp27.000,00","Rp27.000,00"
16/01/2025,Abon Ikan,Manis,200 gram,4,"Rp38.000,00","Rp152.000,00"
16/01/2025,Abon Ikan,Pedas,100 gram,2,"Rp38.000,00","Rp76.000,00"
17/01/2025,Abon Ikan,Manis,200 gram,4,"Rp38.000,00","Rp152.000,00"
17/01/2025,Abon Ayam,Pedas,100 gram,2,"Rp27.000,00","Rp54.000,00"
20/01/2025,Abon Ikan,Pedas,100 gram,2,"Rp38.000,00","Rp76.000,00"
20/01/2025,Abon Ikan,Pedas,100 gram,1,"Rp38.000,00","Rp38.000,00"
20/01/2025,Abon Sapi,Manis,100 gram,5,"Rp30.000,00","Rp150.000,00"
20/01/2025,Abon Ayam,Pedas,200 gram,13,"Rp43.000,00","Rp559.000,00"
20/01/2025,Abon Sapi,Manis,200 gram,10,"Rp46.000,00","Rp460.000,00"
20/01/2025,Abon Ayam,Manis,100 gram,9,"Rp27.000,00","Rp243.000,00"
21/01/2025,Abon Ikan,Pedas,500 gram,1,"Rp80.000,00","Rp80.000,00"
21/01/2025,Abon Ayam,Manis,100 gram,1,"Rp27.000,00","Rp27.000,00"
21/01/2025,Abon Sapi,Pedas,100 gram,4,"Rp30.000,00","Rp120.000,00"
21/01/2025,Abon Sapi,Manis,200 gram,10,"Rp46.000,00","Rp460.000,00"
21/01/2025,Abon Ayam,Manis,200 gram,3,"Rp43.000,00","Rp129.000,00"
22/01/2025,Abon Sapi,Pedas,100 gram,1,"Rp30.000,00","Rp30.000,00"
22/01/2025,Abon Ayam,Pedas,200 gram,1,"Rp43.000,00","Rp43.000,00"
22/01/2025,Abon Ikan,Manis,500 gram,1,"Rp80.000,00","Rp80.000,00"
22/01/2025,Abon Ayam,Pedas,500 gram,2,"Rp85.000,00","Rp170.000,00"
22/01/2025,Abon Ikan,Manis,100 gram,1,"Rp22.000,00","Rp22.000,00"
22/01/2025,Abon Sapi,Pedas,200 gram,1,"Rp46.000,00","Rp46.000,00"
24/01/2025,Abon Ayam,Pedas,500 gram,1,"Rp85.000,00","Rp85.000,00"
24/01/2025,Abon Ikan,Manis,500 gram,1,"Rp80.000,00","Rp80.000,00"
24/01/2025,Abon Sapi,Manis,200 gram,10,"Rp46.000,00","Rp460.000,00"
24/01/2025,Abon Ayam,Pedas,500 gram,15,"Rp85.000,00","Rp1.275.000,00"
25/01/2025,Abon Sapi,Pedas,200 gram,2,"Rp46.000,00","Rp92.000,00"
25/01/2025,Abon Sapi,Pedas,500 gram,1,"Rp88.000,00","Rp88.000,00"
25/01/2025,Abon Ikan,Pedas,500 gram,3,"Rp80.000,00","Rp240.000,00"
25/01/2025,Abon Ayam,Pedas,500 gram,1,"Rp85.000,00","Rp85.000,00"
25/01/2025,Abon Sapi,Manis,100 gram,2,"Rp30.000,00","Rp60.000,00"
25/01/2025,Abon Ayam,Manis,200 gram,1,"Rp46.000,00","Rp46.000,00"
25/01/2025,Abon Ikan,Pedas,500 gram,2,"Rp80.000,00","Rp160.000,00"
26/01/2025,Abon Ayam,Pedas,500 gram,2,"Rp85.000,00","Rp170.000,00"
26/01/2025,Abon Sapi,Manis,500 gram,1,"Rp88.000,00","Rp88.000,00"
26/01/2025,Abon Ikan,Pedas,200 gram,1,"Rp38.000,00","Rp38.000,00"
26/01/2025,Abon Ikan,Manis,200 gram,3,"Rp38.000,00","Rp114.000,00"
26/01/2025,Abon Ayam,Pedas,500 gram,1,"Rp85.000,00","Rp85.000,00"
26/01/2025,Abon Sapi,Manis,500 gram,3,"Rp88.000,00","Rp264.000,00"
26/01/2025,Abon Ayam,Pedas,200 gram,2,"Rp43.000,00","Rp86.000,00"
26/01/2025,Abon Ayam,Manis,200 gram,2,"Rp43.000,00","Rp86.000,00"
26/01/2025,Abon Ikan,Pedas,100 gram,1,"Rp22.000,00","Rp22.000,00"
27/01/2025,Abon Ikan,Pedas,500 gram,2,"Rp80.000,00","Rp160.000,00"
27/01/2025,Abon Ikan,Manis,200 gram,3,"Rp22.000,00","Rp66.000,00"
28/01/2025,Abon Ayam,Pedas,200 gram,2,"Rp43.000,00","Rp86.000,00"
28/01/2025,Abon Ikan,Manis,100 gram,4,"Rp22.000,00","Rp88.000,00"
28/01/2025,Abon Sapi,Manis,100 gram,9,"Rp30.000,00","Rp270.000,00"
28/01/2025,Abon Ayam,Pedas,500 gram,1,"Rp85.000,00","Rp85.000,00"
28/01/2025,Abon Ayam,Pedas,200 gram,3,"Rp43.000,00","Rp129.000,00"
28/01/2025,Abon Ikan,Manis,100 gram,2,"Rp22.000,00","Rp44.000,00"
28/01/2025,Abon Ikan,Pedas,500 gram,1,"Rp80.000,00","Rp80.000,00"
28/01/2025,Abon Sapi,Manis,200 gram,3,"Rp46.000,00","Rp138.000,00"
28/01/2025,Abon Sapi,Pedas,200 gram,2,"Rp46.000,00","Rp92.000,00"
28/01/2025,Abon Sapi,Manis,200 gram,2,"Rp46.000,00","Rp92.000,00"
28/01/2025,Abon Ikan,Pedas,100 gram,4,"Rp22.000,00","Rp88.000,00"
28/01/2025,Abon Ayam,Manis,500 gram,2,"Rp85.000,00","Rp170.000,00"
28/01/2025,Abon Ayam,Pedas,200 gram,1,"Rp43.000,00","Rp43.000,00"
28/01/2025,Abon Ikan,Pedas,100 gram,1,"Rp22.000,00","Rp22.000,00"
29/01/2025,Abon Sapi,Pedas,500 gram,2,"Rp88.000,00","Rp176.000,00"
29/01/2025,Abon Sapi,Pedas,100 gram,10,"Rp30.000,00","Rp300.000,00"
29/01/2025,Abon Ayam,Manis,500 gram,2,"Rp85.000,00","Rp170.000,00"
29/01/2025,Abon Ayam,Pedas,200 gram,1,"Rp43.000,00","Rp43.000,00"
29/01/2025,Abon Ikan,Manis,100 gram,5,"Rp22.000,00","Rp110.000,00"
29/01/2025,Abon Ikan,Pedas,500 gram,5,"Rp80.000,00","Rp400.000,00"
29/01/2025,Abon Ayam,Manis,500 gram,1,"Rp85.000,00","Rp85.000,00"
29/01/2025,Abon Sapi,Pedas,200 gram,5,"Rp46.000,00","Rp230.000,00"
30/01/2025,Abon Ikan,Pedas,500 gram,2,"Rp80.000,00","Rp160.000,00"
30/01/2025,Abon Sapi,Manis,500 gram,2,"Rp88.000,00","Rp176.000,00"
30/01/2025,Abon Ayam,Manis,100 gram,5,"Rp27.000,00","Rp135.000,00"
30/01/2025,Abon Sapi,Pedas,500 gram,1,"Rp88.000,00","Rp88.000,00"
30/01/2025,Abon Ikan,Manis,200 gram,3,"Rp38.000,00","Rp114.000,00"
30/01/2025,Abon Sapi,Pedas,100 gram,10,"Rp30.000,00","Rp300.000,00"
30/01/2025,Abon Ayam,Manis,200 gram,10,"Rp43.000,00","Rp430.000,00"
30/01/2025,Abon Sapi,Manis,200 gram,1,"Rp46.000,00","Rp46.000,00"
30/01/2025,Abon Sapi,Pedas,500 gram,2,"Rp88.000,00","Rp176.000,00"
31/01/2025,Abon Ikan,Manis,200 gram,1,"Rp38.000,00","Rp38.000,00"
31/01/2025,Abon Ikan,Pedas,500 gram,2,"Rp80.000,00","Rp160.000,00"
31/01/2025,Abon Ikan,Manis,200 gram,4,"Rp38.000,00","Rp152.000,00"
31/01/2025,Abon Ayam,Pedas,100 gram,4,"Rp27.000,00","Rp108.000,00"
31/01/2025,Abon Sapi,Manis,100 gram,1,"Rp30.000,00","Rp30.000,00"
31/01/2025,Abon Ayam,Manis,500 gram,2,"Rp85.000,00","Rp170.000,00"
31/01/2025,Abon Sapi,Pedas,500 gram,2,"Rp88.000,00","Rp176.000,00"
31/01/2025,Abon Ayam,Manis,500 gram,2,"Rp85.000,00","Rp170.000,00"
31/01/2025,Abon Ikan,Pedas,500 gram,1,"Rp80.000,00","Rp80.000,00"
01/02/2025,Abon Ikan,Pedas,200 gram,1,"Rp38.000,00","Rp38.000,00"
01/02/2025,Abon Ayam,Pedas,200 gram,1,"Rp43.000,00","Rp43.000,00"
01/02/2025,Abon Sapi,Manis,500 gram,1,"Rp88.000,00","Rp88.000,00"
01/02/2025,Abon Sapi,Pedas,500 gram,1,"Rp88.000,00","Rp88.000,00"
01/02/2025,Abon Sapi,Manis,200 gram,6,"Rp46.000,00","Rp276.000,00"
01/02/2025,Abon Ayam,Manis,100 gram,3,"Rp27.000,00","Rp81.000,00"
01/02/2025,Abon Ayam,Pedas,100 gram,2,"Rp27.000,00","Rp54.000,00"
01/02/2025,Abon Ayam,Pedas,200 gram,3,"Rp27.000,00","Rp81.000,00"
01/02/2025,Abon Ikan,Manis,500 gram,1,"Rp80.000,00","Rp80.000,00"
01/02/2025,Abon Ikan,Pedas,500 gram,1,"Rp80.000,00","Rp80.000,00"
01/02/2025,Abon Ikan,Pedas,100 gram,2,"Rp22.000,00","Rp44.000,00"
01/02/2025,Abon Ayam,Manis,500 gram,3,"Rp85.000,00","Rp255.000,00"
02/02/2025,Abon Ikan,Pedas,200 gram,1,"Rp38.000,00","Rp38.000,00"
02/02/2025,Abon Ayam,Manis,100 gram,1,"Rp27.000,00","Rp27.000,00"
02/02/2025,Abon Sapi,Pedas,200 gram,2,"Rp46.000,00","Rp92.000,00"
02/02/2025,Abon Ikan,Manis,500 gram,1,"Rp80.000,00","Rp80.000,00"
02/02/2025,Abon Sapi,Manis,200 gram,1,"Rp46.000,00","Rp46.000,00"
02/02/2025,Abon Ayam,Pedas,100 gram,2,"Rp27.000,00","Rp54.000,00"
02/02/2025,Abon Sapi,Pedas,500 gram,1,"Rp88.000,00","Rp88.000,00"
02/02/2025,Abon Ikan,Manis,200 gram,4,"Rp38.000,00","Rp152.000,00"
02/02/2025,Abon Ayam,Manis,100 gram,4,"Rp27.000,00","Rp108.000,00"
02/02/2025,Abon Ikan,Manis,100 gram,2,"Rp22.000,00","Rp44.000,00"
02/02/2025,Abon Sapi,Pedas,200 gram,5,"Rp46.000,00","Rp230.000,00"
02/02/2025,Abon Sapi,Pedas,100 gram,2,"Rp30.000,00","Rp60.000,00"
03/02/2025,Abon Ikan,Manis,200 gram,2,"Rp38.000,00","Rp76.000,00"
03/02/2025,Abon Ikan,Manis,500 gram,4,"Rp80.000,00","Rp320.000,00"
03/02/2025,Abon Ikan,Manis,200 gram,1,"Rp38.000,00","Rp38.000,00"
03/02/2025,Abon Ayam,Manis,200 gram,1,"Rp43.000,00","Rp43.000,00"
04/02/2025,Abon Ikan,Pedas,500 gram,1,"Rp80.000,00","Rp80.000,00"
04/02/2025,Abon Sapi,Pedas,100 gram,5,"Rp30.000,00","Rp150.000,00"
04/02/2025,Abon Ayam,Manis,100 gram,1,"Rp27.000,00","Rp27.000,00"
04/02/2025,Abon Ikan,Manis,500 gram,3,"Rp80.000,00","Rp240.000,00"
04/02/2025,Abon Ayam,Pedas,500 gram,1,"Rp85.000,00","Rp85.000,00"
05/02/2025,Abon Ikan,Manis,200 gram,1,"Rp38.000,00","Rp38.000,00"
05/02/2025,Abon Sapi,Pedas,200 gram,4,"Rp46.000,00","Rp184.000,00"
05/02/2025,Abon Ikan,Manis,200 gram,2,"Rp38.000,00","Rp76.000,00"
05/02/2025,Abon Ayam,Pedas,100 gram,1,"Rp27.000,00","Rp27.000,00"
05/02/2025,Abon Sapi,Manis,100 gram,3,"Rp30.000,00","Rp90.000,00"
05/02/2025,Abon Ayam,Pedas,100 gram,1,"Rp27.000,00","Rp27.000,00"
05/02/2025,Abon Ikan,Manis,100 gram,1,"Rp22.000,00","Rp22.000,00"
05/02/2025,Abon Ayam,Pedas,500 gram,1,"Rp85.000,00","Rp85.000,00"
05/02/2025,Abon Sapi,Manis,100 gram,15,"Rp30.000,00","Rp450.000,00"
05/02/2025,Abon Ayam,Manis,200 gram,10,"Rp43.000,00","Rp430.000,00"
06/02/2025,Abon Sapi,Pedas,200 gram,1,"Rp46.000,00","Rp46.000,00"
06/02/2025,Abon Ikan,Pedas,200 gram,2,"Rp38.000,00","Rp76.000,00"
06/02/2025,Abon Ikan,Manis,200 gram,2,"Rp38.000,00","Rp76.000,00"
06/02/2025,Abon Ayam,Pedas,200 gram,1,"Rp43.000,00","Rp43.000,00"
06/02/2025,Abon Sapi,Manis,200 gram,4,"Rp46.000,00","Rp184.000,00"
06/02/2025,Abon Ayam,Manis,100 gram,5,"Rp27.000,00","Rp135.000,00"
06/02/2025,Abon Ikan,Pedas,100 gram,2,"Rp22.000,00","Rp44.000,00"
06/02/2025,Abon Sapi,Pedas,500 gram,1,"Rp88.000,00","Rp88.000,00"
06/02/2025,Abon Sapi,Manis,500 gram,2,"Rp88.000,00","Rp176.000,00"
06/02/2025,Abon Ayam,Manis,500 gram,2,"Rp85.000,00","Rp170.000,00"
06/02/2025,Abon Ayam,Manis,100 gram,2,"Rp27.000,00","Rp54.000,00"
07/02/2025,Abon Ikan,Pedas,200 gram,10,"Rp38.000,00","Rp380.000,00"
07/02/2025,Abon Ikan,Pedas,200 gram,1,"Rp38.000,00","Rp38.000,00"
07/02/2025,Abon Ikan,Pedas,100 gram,2,"Rp22.000,00","Rp44.000,00"
07/02/2025,Abon Ikan,Manis,100 gram,3,"Rp22.000,00","Rp66.000,00"
07/02/2025,Abon Sapi,Manis,500 gram,1,"Rp88.000,00","Rp88.000,00"
07/02/2025,Abon Ayam,Manis,200 gram,2,"Rp43.000,00","Rp86.000,00"
07/02/2025,Abon Ayam,Pedas,100 gram,2,"Rp27.000,00","Rp54.000,00"
07/02/2025,Abon Sapi,Pedas,200 gram,1,"Rp46.000,00","Rp46.000,00"
07/02/2025,Abon Ikan,Pedas,200 gram,3,"Rp38.000,00","Rp114.000,00"
07/02/2025,Abon Ayam,Manis,100 gram,2,"Rp27.000,00","Rp54.000,00"
08/02/2025,Abon Ikan,Pedas,200 gram,4,"Rp38.000,00","Rp152.000,00"
08/02/2025,Abon Ayam,Manis,200 gram,15,"Rp43.000,00","Rp645.000,00"
08/02/2025,Abon Sapi,Pedas,100 gram,9,"Rp30.000,00","Rp270.000,00"
08/02/2025,Abon Sapi,Manis,200 gram,2,"Rp46.000,00","Rp92.000,00"
08/02/2025,Abon Ikan,Pedas,100 gram,14,"Rp22.000,00","Rp308.000,00"
08/02/2025,Abon Ayam,Manis,500 gram,1,"Rp85.000,00","Rp85.000,00"
08/02/2025,Abon Ayam,Pedas,200 gram,3,"Rp43.000,00","Rp129.000,00"
09/02/2025,Abon Ikan,Manis,100 gram,5,"Rp22.000,00","Rp110.000,00"
09/02/2025,Abon Ikan,Pedas,100 gram,3,"Rp22.000,00","Rp66.000,00"
10/02/2025,Abon Ikan,Manis,500 gram,1,"Rp80.000,00","Rp80.000,00"
10/02/2025,Abon Ayam,Pedas,500 gram,1,"Rp85.000,00","Rp85.000,00"
10/02/2025,Abon Ikan,Pedas,100 gram,1,"Rp22.000,00","Rp22.000,00"
10/02/2025,Abon Ayam,Pedas,100 gram,2,"Rp27.000,00","Rp54.000,00"
10/02/2025,Abon Sapi,Manis,200 gram,3,"Rp46.000,00","Rp138.000,00"
10/02/2025,Abon Sapi,Manis,100 gram,5,"Rp30.000,00","Rp150.000,00"
10/02/2025,Abon Ikan,Pedas,100 gram,5,"Rp22.000,00","Rp110.000,00"
10/02/2025,Abon Sapi,Manis,500 gram,1,"Rp88.000,00","Rp88.000,00"
10/02/2025,Abon Ayam,Pedas,100 gram,5,"Rp27.000,00","Rp135.000,00"
10/02/2025,Abon Ayam,Pedas,100 gram,4,"Rp27.000,00","Rp108.000,00"
10/02/2025,Abon Ikan,Pedas,500 gram,5,"Rp80.000,00","Rp400.000,00"
10/02/2025,Abon Ikan,Manis,100 gram,10,"Rp22.000,00","Rp220.000,00"
10/02/2025,Abon Ayam,Manis,100 gram,3,"Rp27.000,00","Rp81.000,00"
10/02/2025,Abon Ikan,Manis,200 gram,2,"Rp38.000,00","Rp76.000,00"
11/02/2025,Abon Ikan,Pedas,200 gram,3,"Rp38.000,00","Rp114.000,00"
11/02/2025,Abon Ayam,Pedas,100 gram,7,"Rp27.000,00","Rp189.000,00"
11/02/2025,Abon Sapi,Pedas,500 gram,1,"Rp88.000,00","Rp88.000,00"
12/02/2025,Abon Ikan,Manis,100 gram,5,"Rp22.000,00","Rp110.000,00"
12/02/2025,Abon Ikan,Pedas,500 gram,1,"Rp80.000,00","Rp80.000,00"
12/02/2025,Abon Ayam,Manis,100 gram,3,"Rp27.000,00","Rp81.000,00"
12/02/2025,Abon Ikan,Pedas,200 gram,10,"Rp38.000,00","Rp380.000,00"
12/02/2025,Abon Ikan,Pedas,200 gram,1,"Rp38.000,00","Rp38.000,00"
13/02/2025,Abon Ayam,Pedas,200 gram,2,"Rp43.000,00","Rp86.000,00"
13/02/2025,Abon Ayam,Manis,500 gram,1,"Rp85.000,00","Rp85.000,00"
13/02/2025,Abon Sapi,Manis,500 gram,2,"Rp88.000,00","Rp176.000,00"
13/02/2025,Abon Ikan,Manis,200 gram,6,"Rp38.000,00","Rp228.000,00"
13/02/2025,Abon Ikan,Pedas,100 gram,4,"Rp22.000,00","Rp88.000,00"
13/02/2025,Abon Sapi,Manis,200 gram,1,"Rp30.000,00","Rp30.000,00"
14/02/2025,Abon Ikan,Pedas,200 gram,5,"Rp38.000,00","Rp190.000,00"
14/02/2025,Abon Ayam,Manis,100 gram,1,"Rp27.000,00","Rp27.000,00"
14/02/2025,Abon Sapi,Manis,100 gram,1,"Rp30.000,00","Rp30.000,00"
14/02/2025,Abon Ikan,Pedas,200 gram,1,"Rp38.000,00","Rp38.000,00"
15/02/2025,Abon Sapi,Pedas,100 gram,1,"Rp30.000,00","Rp30.000,00"
15/02/2025,Abon Ayam,Manis,100 gram,2,"Rp27.000,00","Rp54.000,00"
15/02/2025,Abon Ikan,Manis,500 gram,2,"Rp80.000,00","Rp160.000,00"
15/02/2025,Abon Ayam,Pedas,200 gram,4,"Rp43.000,00","Rp172.000,00"
15/02/2025,Abon Ayam,Pedas,200 gram,4,"Rp43.000,00","Rp172.000,00"
15/02/2025,Abon Ikan,Manis,200 gram,2,"Rp38.000,00","Rp76.000,00"
15/02/2025,Abon Sapi,Manis,100 gram,2,"Rp30.000,00","Rp60.000,00"
15/02/2025,Abon Ayam,Pedas,100 gram,1,"Rp27.000,00","Rp27.000,00"
15/02/2025,Abon Ikan,Pedas,500 gram,1,"Rp80.000,00","Rp80.000,00"
16/02/2025,Abon Ayam,Manis,200 gram,5,"Rp43.000,00","Rp215.000,00"
16/02/2025,Abon Ikan,Manis,100 gram,4,"Rp22.000,00","Rp88.000,00"
17/02/2025,Abon Ikan,Pedas,100 gram,1,"Rp22.000,00","Rp22.000,00"
17/02/2025,Abon Ikan,Manis,500 gram,3,"Rp80.000,00","Rp240.000,00"
17/02/2025,Abon Ayam,Manis,200 gram,2,"Rp43.000,00","Rp86.000,00"
17/02/2025,Abon Sapi,Pedas,200 gram,1,"Rp46.000,00","Rp46.000,00"
17/02/2025,Abon Ikan,Pedas,100 gram,8,"Rp22.000,00","Rp176.000,00"
19/02/2025,Abon Sapi,Pedas,100 gram,1,"Rp30.000,00","Rp30.000,00"
19/02/2025,Abon Ikan,Manis,500 gram,2,"Rp80.000,00","Rp160.000,00"
19/02/2025,Abon Sapi,Manis,500 gram,1,"Rp88.000,00","Rp88.000,00"
19/02/2025,Abon Ayam,Pedas,200 gram,2,"Rp43.000,00","Rp86.000,00"
19/02/2025,Abon Sapi,Manis,200 gram,2,"Rp46.000,00","Rp92.000,00"
19/02/2025,Abon Ikan,Pedas,100 gram,1,"Rp22.000,00","Rp22.000,00"
20/02/2025,Abon Ikan,Pedas,500 gram,9,"Rp80.000,00","Rp720.000,00"
20/02/2025,Abon Ayam,Manis,200 gram,7,"Rp43.000,00","Rp301.000,00"
20/02/2025,Abon Ikan,Manis,100 gram,12,"Rp22.000,00","Rp264.000,00"
20/02/2025,Abon Sapi,Pedas,100 gram,1,"Rp30.000,00","Rp30.000,00"
20/02/2025,Abon Ayam,Manis,500 gram,1,"Rp85.000,00","Rp85.000,00"
20/02/2025,Abon Ikan,Pedas,100 gram,1,"Rp22.000,00","Rp22.000,00"
20/02/2025,Abon Ikan,Manis,100 gram,2,"Rp22.000,00","Rp44.000,00"
20/02/2025,Abon Ayam,Manis,100 gram,2,"Rp27.000,00","Rp54.000,00"
21/02/2025,Abon Ayam,Manis,500 gram,3,"Rp85.000,00","Rp255.000,00"
21/02/2025,Abon Ayam,Pedas,500 gram,2,"Rp85.000,00","Rp170.000,00"
21/02/2025,Abon Ikan,Pedas,500 gram,5,"Rp80.000,00","Rp400.000,00"
21/02/2025,Abon Ikan,Pedas,100 gram,6,"Rp22.000,00","Rp132.000,00"
21/02/2025,Abon Ikan,Manis,500 gram,1,"Rp80.000,00","Rp80.000,00"
21/02/2025,Abon Ikan,Manis,100 gram,5,"Rp22.000,00","Rp110.000,00"
21/02/2025,Abon Ayam,Pedas,500 gram,1,"Rp27.000,00","Rp27.000,00"
21/02/2025,Abon Ikan,Manis,200 gram,1,"Rp38.000,00","Rp38.000,00"
21/02/2025,Abon Ikan,Pedas,100 gram,1,"Rp22.000,00","Rp22.000,00"
21/02/2025,Abon Ayam,Manis,200 gram,3,"Rp43.000,00","Rp129.000,00"
21/02/2025,Abon Sapi,Pedas,500 gram,4,"Rp88.000,00","Rp352.000,00"
21/02/2025,Abon Ikan,Pedas,100 gram,1,"Rp22.000,00","Rp22.000,00"
22/02/2025,Abon Ayam,Manis,200 gram,4,"Rp43.000,00","Rp172.000,00"
22/02/2025,Abon Sapi,Pedas,100 gram,1,"Rp30.000,00","Rp30.000,00"
22/02/2025,Abon Sapi,Manis,200 gram,2,"Rp46.000,00","Rp92.000,00"
22/02/2025,Abon Ikan,Manis,500 gram,10,"Rp80.000,00","Rp800.000,00"
22/02/2025,Abon Ayam,Manis,100 gram,40,"Rp27.000,00","Rp1.080.000,00"
22/02/2025,Abon Ikan,Pedas,500 gram,1,"Rp80.000,00","Rp80.000,00"
23/02/2025,Abon Sapi,Manis,500 gram,2,"Rp46.000,00","Rp92.000,00"
23/02/2025,Abon Sapi,Pedas,100 gram,1,"Rp30.000,00","Rp30.000,00"
23/02/2025,Abon Ikan,Pedas,100 gram,1,"Rp22.000,00","Rp22.000,00"
23/02/2025,Abon Ayam,Manis,100 gram,1,"Rp27.000,00","Rp27.000,00"
23/02/2025,Abon Sapi,Manis,200 gram,2,"Rp46.000,00","Rp92.000,00"
23/02/2025,Abon Ayam,Manis,200 gram,1,"Rp43.000,00","Rp43.000,00"
23/02/2025,Abon Ayam,Pedas,200 gram,1,"Rp43.000,00","Rp43.000,00"
23/02/2025,Abon Sapi,Manis,200 gram,2,"Rp46.000,00","Rp92.000,00"
23/02/2025,Abon Ikan,Pedas,200 gram,10,"Rp38.000,00","Rp380.000,00"
23/02/2025,Abon Ikan,Manis,100 gram,1,"Rp22.000,00","Rp22.000,00"
24/02/2025,Abon Ikan,Manis,200 gram,1,"Rp38.000,00","Rp38.000,00"
24/02/2025,Abon Ikan,Pedas,100 gram,10,"Rp22.000,00","Rp220.000,00"
24/02/2025,Abon Ikan,Pedas,200 gram,1,"Rp38.000,00","Rp38.000,00"
24/02/2025,Abon Ayam,Manis,500 gram,2,"Rp85.000,00","Rp170.000,00"
24/02/2025,Abon Sapi,Pedas,200 gram,2,"Rp46.000,00","Rp92.000,00"
24/02/2025,Abon Ikan,Pedas,200 gram,1,"Rp38.000,00","Rp38.000,00"
24/02/2025,Abon Sapi,Manis,500 gram,15,"Rp88.000,00","Rp1.320.000,00"
24/02/2025,Abon Ayam,Pedas,100 gram,4,"Rp27.000,00","Rp108.000,00"
24/02/2025,Abon Ayam,Manis,200 gram,1,"Rp43.000,00","Rp43.000,00"
24/02/2025,Abon Ikan,Manis,100 gram,5,"Rp22.000,00","Rp110.000,00"
24/02/2025,Abon Ikan,Pedas,200 gram,2,"Rp38.000,00","Rp76.000,00"
25/02/2025,Abon Ikan,Pedas,100 gram,1,"Rp22.000,00","Rp22.000,00"
25/02/2025,Abon Ayam,Manis,200 gram,1,"Rp43.000,00","Rp43.000,00"
25/02/2025,Abon Ayam,Manis,500 gram,1,"Rp85.000,00","Rp85.000,00"
25/02/2025,Abon Ikan,Pedas,500 gram,1,"Rp80.000,00","Rp80.000,00"
25/02/2025,Abon Sapi,Pedas,200 gram,4,"Rp46.000,00","Rp184.000,00"
25/02/2025,Abon Ayam,Manis,200 gram,2,"Rp43.000,00","Rp86.000,00"
26/02/2025,Abon Sapi,Pedas,500 gram,1,"Rp88.000,00","Rp88.000,00"
26/02/2025,Abon Sapi,Manis,200 gram,7,"Rp46.000,00","Rp322.000,00"
26/02/2025,Abon Sapi,Pedas,200 gram,1,"Rp46.000,00","Rp46.000,00"
26/02/2025,Abon Ikan,Manis,100 gram,1,"Rp22.000,00","Rp22.000,00"
26/02/2025,Abon Ikan,Pedas,100 gram,3,"Rp22.000,00","Rp66.000,00"
26/02/2025,Abon Ayam,Manis,100 gram,1,"Rp27.000,00","Rp27.000,00"
26/02/2025,Abon Sapi,Pedas,500 gram,1,"Rp88.000,00","Rp88.000,00"
27/02/2025,Abon Ikan,Pedas,200 gram,7,"Rp38.000,00","Rp266.000,00"
27/02/2025,Abon Ayam,Pedas,200 gram,1,"Rp43.000,00","Rp43.000,00"
27/02/2025,Abon Ikan,Pedas,200 gram,1,"Rp38.000,00","Rp38.000,00"
27/02/2025,Abon Ikan,Manis,100 gram,50,"Rp22.000,00","Rp1.100.000,00"
27/02/2025,Abon Ayam,Manis,500 gram,1,"Rp85.000,00","Rp85.000,00"
28/02/2025,Abon Ayam,Pedas,500 gram,1,"Rp85.000,00","Rp85.000,00"
28/02/2025,Abon Ikan,Pedas,200 gram,1,"Rp38.000,00","Rp38.000,00"
28/02/2025,Abon Sapi,Manis,100 gram,1,"Rp30.000,00","Rp30.000,00"
28/02/2025,Abon Sapi,Manis,100 gram,2,"Rp30.000,00","Rp60.000,00"
28/02/2025,Abon Sapi,Pedas,500 gram,2,"Rp88.000,00","Rp176.000,00"
28/02/2025,Abon Sapi,Pedas,500 gram,3,"Rp88.000,00","Rp264.000,00"
28/02/2025,Abon Ayam,Manis,100 gram,8,"Rp27.000,00","Rp216.000,00"
01/03/2025,Abon Ikan,Pedas,500 gram,1,"Rp80.000,00","Rp80.000,00"
01/03/2025,Abon Ikan,Manis,500 gram,1,"Rp80.000,00","Rp80.000,00"
01/03/2025,Abon Ayam,Manis,200 gram,6,"Rp43.000,00","Rp258.000,00"
01/03/2025,Abon Sapi,Manis,100 gram,1,"Rp30.000,00","Rp30.000,00"
01/03/2025,Abon Ikan,Pedas,500 gram,4,"Rp80.000,00","Rp320.000,00"
01/03/2025,Abon Ikan,Pedas,200 gram,1,"Rp38.000,00","Rp38.000,00"
01/03/2025,Abon Ayam,Manis,100 gram,4,"Rp27.000,00","Rp108.000,00"
01/03/2025,Abon Sapi,Pedas,500 gram,1,"Rp88.000,00","Rp88.000,00"
01/03/2025,Abon Sapi,Manis,500 gram,2,"Rp88.000,00","Rp176.000,00"
01/03/2025,Abon Ikan,Manis,200 gram,1,"Rp38.000,00","Rp38.000,00"
01/03/2025,Abon Ikan,Manis,200 gram,1,"Rp38.000,00","Rp38.000,00"
01/03/2025,Abon Ayam,Pedas,100 gram,1,"Rp27.000,00","Rp27.000,00"
01/03/2025,Abon Sapi,Manis,100 gram,1,"Rp30.000,00","Rp30.000,00"
01/03/2025,Abon Ikan,Pedas,100 gram,1,"Rp22.000,00","Rp22.000,00"
01/03/2025,Abon Ikan,Manis,500 gram,1,"Rp80.000,00","Rp80.000,00"
02/03/2025,Abon Ikan,Pedas,100 gram,3,"Rp22.000,00","Rp66.000,00"
02/03/2025,Abon Ayam,Manis,500 gram,1,"Rp85.000,00","Rp85.000,00"
02/03/2025,Abon Sapi,Manis,200 gram,2,"Rp46.000,00","Rp92.000,00"
02/03/2025,Abon Sapi,Pedas,100 gram,4,"Rp30.000,00","Rp120.000,00"
02/03/2025,Abon Ikan,Pedas,500 gram,1,"Rp80.000,00","Rp80.000,00"
02/03/2025,Abon Ikan,Pedas,500 gram,1,"Rp80.000,00","Rp80.000,00"
02/03/2025,Abon Ikan,Manis,500 gram,1,"Rp80.000,00","Rp80.000,00"
02/03/2025,Abon Ikan,Pedas,200 gram,5,"Rp38.000,00","Rp190.000,00"
03/03/2025,Abon Ikan,Manis,200 gram,7,"Rp38.000,00","Rp266.000,00"
03/03/2025,Abon Ayam,Manis,500 gram,2,"Rp85.000,00","Rp170.000,00"
03/03/2025,Abon Sapi,Pedas,100 gram,3,"Rp30.000,00","Rp90.000,00"
03/03/2025,Abon Sapi,Pedas,500 gram,1,"Rp88.000,00","Rp88.000,00"
03/03/2025,Abon Ikan,Pedas,100 gram,9,"Rp22.000,00","Rp198.000,00"
03/03/2025,Abon Ikan,Manis,200 gram,5,"Rp38.000,00","Rp190.000,00"
03/03/2025,Abon Ikan,Pedas,100 gram,2,"Rp22.000,00","Rp44.000,00"
03/03/2025,Abon Ikan,Manis,100 gram,6,"Rp22.000,00","Rp132.000,00"
03/03/2025,Abon Ikan,Manis,200 gram,2,"Rp38.000,00","Rp76.000,00"
03/03/2025,Abon Ayam,Pedas,200 gram,1,"Rp43.000,00","Rp43.000,00"
04/03/2025,Abon Sapi,Pedas,200 gram,4,"Rp46.000,00","Rp184.000,00"
04/03/2025,Abon Sapi,Pedas,200 gram,1,"Rp46.000,00","Rp46.000,00"
04/03/2025,Abon Ikan,Manis,200 gram,1,"Rp38.000,00","Rp38.000,00"
04/03/2025,Abon Ikan,Manis,100 gram,1,"Rp22.000,00","Rp22.000,00"
04/03/2025,Abon Ikan,Pedas,500 gram,1,"Rp80.000,00","Rp80.000,00"
04/03/2025,Abon Ikan,Pedas,100 gram,1,"Rp22.000,00","Rp22.000,00"
04/03/2025,Abon Ikan,Manis,100 gram,2,"Rp22.000,00","Rp44.000,00"
04/03/2025,Abon Ayam,Manis,200 gram,1,"Rp43.000,00","Rp43.000,00"
05/03/2025,Abon Ikan,Pedas,200 gram,1,"Rp38.000,00","Rp38.000,00"
05/03/2025,Abon Sapi,Pedas,100 gram,1,"Rp30.000,00","Rp30.000,00"
05/03/2025,Abon Ikan,Manis,200 gram,1,"Rp38.000,00","Rp38.000,00"
05/03/2025,Abon Ayam,Manis,200 gram,1,"Rp43.000,00","Rp43.000,00"
07/03/2025,Abon Ikan,Pedas,200 gram,2,"Rp38.000,00","Rp76.000,00"
08/03/2025,Abon Sapi,Pedas,100 gram,2,"Rp30.000,00","Rp60.000,00"
08/03/2025,Abon Ikan,Manis,500 gram,1,"Rp80.000,00","Rp80.000,00"
08/03/2025,Abon Ayam,Manis,100 gram,1,"Rp27.000,00","Rp27.000,00"
08/03/2025,Abon Ikan,Pedas,100 gram,4,"Rp22.000,00","Rp88.000,00"
08/03/2025,Abon Sapi,Pedas,500 gram,9,"Rp88.000,00","Rp792.000,00"
08/03/2025,Abon Ikan,Manis,500 gram,2,"Rp80.000,00","Rp160.000,00"
08/03/2025,Abon Sapi,Manis,500 gram,2,"Rp88.000,00","Rp176.000,00"
09/03/2025,Abon Ayam,Pedas,500 gram,2,"Rp85.000,00","Rp170.000,00"
09/03/2025,Abon Sapi,Manis,100 gram,1,"Rp30.000,00","Rp30.000,00"
10/03/2025,Abon Ikan,Pedas,100 gram,1,"Rp22.000,00","Rp22.000,00"
10/03/2025,Abon Ikan,Pedas,200 gram,1,"Rp38.000,00","Rp38.000,00"
10/03/2025,Abon Ayam,Manis,100 gram,1,"Rp27.000,00","Rp27.000,00"
10/03/2025,Abon Ikan,Manis,500 gram,1,"Rp80.000,00","Rp80.000,00"
10/03/2025,Abon Sapi,Pedas,100 gram,4,"Rp30.000,00","Rp120.000,00"
11/03/2025,Abon Ayam,Manis,100 gram,1,"Rp27.000,00","Rp27.000,00"
11/03/2025,Abon Ikan,Pedas,100 gram,1,"Rp22.000,00","Rp22.000,00"
11/03/2025,Abon Ikan,Manis,200 gram,1,"Rp38.000,00","Rp38.000,00"
11/03/2025,Abon Ayam,Manis,100 gram,8,"Rp27.000,00","Rp216.000,00"
12/03/2025,Abon Ayam,Manis,100 gram,10,"Rp27.000,00","Rp270.000,00"
12/03/2025,Abon Ikan,Pedas,200 gram,1,"Rp38.000,00","Rp38.000,00"
13/03/2025,Abon Ikan,Manis,100 gram,6,"Rp22.000,00","Rp132.000,00"
13/03/2025,Abon Ayam,Manis,200 gram,2,"Rp43.000,00","Rp86.000,00"
13/03/2025,Abon Ayam,Manis,200 gram,1,"Rp43.000,00","Rp43.000,00"
13/03/2025,Abon Ikan,Pedas,100 gram,2,"Rp22.000,00","Rp44.000,00"
13/03/2025,Abon Ikan,Pedas,100 gram,2,"Rp22.000,00","Rp44.000,00"
14/03/2025,Abon Ayam,Manis,100 gram,1,"Rp27.000,00","Rp27.000,00"
14/03/2025,Abon Sapi,Pedas,100 gram,20,"Rp30.000,00","Rp600.000,00"
14/03/2025,Abon Ikan,Pedas,100 gram,1,"Rp22.000,00","Rp22.000,00"
14/03/2025,Abon Ikan,Manis,100 gram,1,"Rp22.000,00","Rp22.000,00"
14/03/2025,Abon Ayam,Manis,200 gram,1,"Rp27.000,00","Rp27.000,00"
14/03/2025,Abon Sapi,Pedas,200 gram,5,"Rp46.000,00","Rp230.000,00"
15/03/2025,Abon Ikan,Manis,100 gram,2,"Rp22.000,00","Rp44.000,00"
15/03/2025,Abon Ikan,Pedas,500 gram,1,"Rp80.000,00","Rp80.000,00"
16/03/2025,Abon Ayam,Manis,500 gram,1,"Rp85.000,00","Rp85.000,00"
16/03/2025,Abon Sapi,Pedas,200 gram,1,"Rp46.000,00","Rp46.000,00"
16/03/2025,Abon Ayam,Pedas,200 gram,3,"Rp43.000,00","Rp129.000,00"
16/03/2025,Abon Ikan,Manis,200 gram,3,"Rp38.000,00","Rp114.000,00"
17/03/2025,Abon Ayam,Pedas,500 gram,1,"Rp85.000,00","Rp85.000,00"
17/03/2025,Abon Ayam,Manis,500 gram,1,"Rp85.000,00","Rp85.000,00"
17/03/2025,Abon Sapi,Pedas,500 gram,4,"Rp88.000,00","Rp352.000,00"
17/03/2025,Abon Ikan,Pedas,500 gram,1,"Rp80.000,00","Rp80.000,00"
17/03/2025,Abon Ikan,Manis,500 gram,1,"Rp80.000,00","Rp80.000,00"
17/03/2025,Abon Sapi,Pedas,100 gram,2,"Rp30.000,00","Rp60.000,00"
18/03/2025,Abon Ikan,Pedas,500 gram,1,"Rp80.000,00","Rp80.000,00"
18/03/2025,Abon Ikan,Manis,100 gram,2,"Rp22.000,00","Rp44.000,00"
18/03/2025,Abon Ayam,Manis,100 gram,20,"Rp27.000,00","Rp540.000,00"
18/03/2025,Abon Sapi,Pedas,200 gram,2,"Rp46.000,00","Rp92.000,00"
18/03/2025,Abon Sapi,Pedas,100 gram,2,"Rp30.000,00","Rp60.000,00"
18/03/2025,Abon Ayam,Pedas,100 gram,4,"Rp27.000,00","Rp108.000,00"
18/03/2025,Abon Ikan,Manis,200 gram,1,"Rp38.000,00","Rp38.000,00"
18/03/2025,Abon Ayam,Manis,500 gram,1,"Rp85.000,00","Rp85.000,00"
19/03/2025,Abon Ikan,Pedas,500 gram,2,"Rp80.000,00","Rp160.000,00"
19/03/2025,Abon Ayam,Pedas,200 gram,2,"Rp43.000,00","Rp86.000,00"
19/03/2025,Abon Sapi,Pedas,500 gram,1,"Rp88.000,00","Rp88.000,00"
19/03/2025,Abon Ikan,Manis,500 gram,1,"Rp80.000,00","Rp80.000,00"
20/03/2025,Abon Ayam,Pedas,500 gram,4,"Rp85.000,00","Rp340.000,00"
20/03/2025,Abon Ayam,Manis,200 gram,2,"Rp43.000,00","Rp86.000,00"
20/03/2025,Abon Ikan,Manis,500 gram,1,"Rp80.000,00","Rp80.000,00"
20/03/2025,Abon Ikan,Manis,100 gram,5,"Rp22.000,00","Rp110.000,00"
20/03/2025,Abon Sapi,Pedas,200 gram,4,"Rp43.000,00","Rp172.000,00"
20/03/2025,Abon Ikan,Pedas,100 gram,10,"Rp22.000,00","Rp220.000,00"
21/03/2025,Abon Sapi,Pedas,500 gram,1,"Rp88.000,00","Rp88.000,00"
21/03/2025,Abon Ayam,Manis,500 gram,2,"Rp85.000,00","Rp170.000,00"
21/03/2025,Abon Ikan,Manis,100 gram,3,"Rp22.000,00","Rp66.000,00"
21/03/2025,Abon Ayam,Manis,200 gram,22,"Rp43.000,00","Rp946.000,00"
21/03/2025,Abon Ikan,Manis,500 gram,1,"Rp80.000,00","Rp80.000,00"
21/03/2025,Abon Ikan,Pedas,200 gram,5,"Rp38.000,00","Rp190.000,00"
21/03/2025,Abon Ikan,Pedas,500 gram,1,"Rp80.000,00","Rp80.000,00"
21/03/2025,Abon Sapi,Manis,500 gram,10,"Rp85.000,00","Rp850.000,00"
21/03/2025,Abon Sapi,Pedas,100 gram,2,"Rp27.000,00","Rp54.000,00"
21/03/2025,Abon Ikan,Manis,100 gram,1,"Rp22.000,00","Rp22.000,00"
21/03/2025,Abon Ayam,Pedas,500 gram,2,"Rp85.000,00","Rp170.000,00"
22/03/2025,Abon Ikan,Pedas,100 gram,1,"Rp22.000,00","Rp22.000,00"
23/03/2025,Abon Ayam,Pedas,200 gram,2,"Rp43.000,00","Rp86.000,00"
23/03/2025,Abon Ikan,Manis,200 gram,2,"Rp38.000,00","Rp76.000,00"
23/03/2025,Abon Sapi,Pedas,100 gram,6,"Rp30.000,00","Rp180.000,00"
24/03/2025,Abon Ikan,Pedas,500 gram,1,"Rp80.000,00","Rp80.000,00"
24/03/2025,Abon Ikan,Manis,500 gram,1,"Rp80.000,00","Rp80.000,00"
24/03/2025,Abon Ayam,Manis,200 gram,3,"Rp43.000,00","Rp129.000,00"
24/03/2025,Abon Ikan,Manis,100 gram,4,"Rp22.000,00","Rp88.000,00"
24/03/2025,Abon Sapi,Pedas,200 gram,3,"Rp46.000,00","Rp138.000,00"
24/03/2025,Abon Sapi,Pedas,200 gram,4,"Rp46.000,00","Rp184.000,00"
25/03/2025,Abon Ayam,Pedas,200 gram,3,"Rp43.000,00","Rp129.000,00"
25/03/2025,Abon Ikan,Manis,100 gram,1,"Rp22.000,00","Rp22.000,00"
26/03/2025,Abon Ayam,Manis,200 gram,3,"Rp43.000,00","Rp129.000,00"
26/03/2025,Abon Sapi,Manis,500 gram,2,"Rp88.000,00","Rp176.000,00"
26/03/2025,Abon Ikan,Pedas,500 gram,1,"Rp80.000,00","Rp80.000,00"
26/03/2025,Abon Ikan,Pedas,200 gram,1,"Rp38.000,00","Rp38.000,00"
26/03/2025,Abon Ayam,Pedas,200 gram,2,"Rp43.000,00","Rp86.000,00"
26/03/2025,Abon Sapi,Manis,200 gram,5,"Rp46.000,00","Rp230.000,00"
26/03/2025,Abon Ayam,Manis,100 gram,2,"Rp27.000,00","Rp54.000,00"
26/03/2025,Abon Ayam,Pedas,500 gram,1,"Rp85.000,00","Rp85.000,00"
26/03/2025,Abon Sapi,Pedas,200 gram,1,"Rp46.000,00","Rp46.000,00"
26/03/2025,Abon Ikan,Manis,100 gram,1,"Rp22.000,00","Rp22.000,00"
26/03/2025,Abon Ikan,Manis,500 gram,1,"Rp80.000,00","Rp80.000,00"
26/03/2025,Abon Sapi,Pedas,500 gram,2,"Rp88.000,00","Rp176.000,00"
26/03/2025,Abon Ayam,Manis,100 gram,1,"Rp27.000,00","Rp27.000,00"
26/03/2025,Abon Ikan,Pedas,200 gram,10,"Rp38.000,00","Rp380.000,00"
26/03/2025,Abon Ayam,Pedas,100 gram,1,"Rp27.000,00","Rp27.000,00"
26/03/2025,Abon Sapi,Manis,200 gram,1,"Rp46.000,00","Rp46.000,00"
26/03/2025,Abon Ayam,Pedas,200 gram,2,"Rp43.000,00","Rp86.000,00"
26/03/2025,Abon Ikan,Pedas,100 gram,1,"Rp22.000,00","Rp22.000,00"
26/03/2025,Abon Ayam,Manis,200 gram,2,"Rp43.000,00","Rp86.000,00"
26/03/2025,Abon Ikan,Manis,200 gram,6,"Rp38.000,00","Rp228.000,00"
27/03/2025,Abon Ayam,Pedas,500 gram,1,"Rp85.000,00","Rp85.000,00"
27/03/2025,Abon Ikan,Pedas,200 gram,1,"Rp38.000,00","Rp38.000,00"
27/03/2025,Abon Ayam,Pedas,500 gram,2,"Rp85.000,00","Rp170.000,00"
27/03/2025,Abon Sapi,Pedas,500 gram,1,"Rp88.000,00","Rp88.000,00"
27/03/2025,Abon Ikan,Manis,200 gram,2,"Rp38.000,00","Rp76.000,00"
27/03/2025,Abon Ikan,Pedas,200 gram,2,"Rp38.000,00","Rp76.000,00"
27/03/2025,Abon Ayam,Pedas,500 gram,4,"Rp85.000,00","Rp340.000,00"
27/03/2025,Abon Ikan,Pedas,500 gram,2,"Rp80.000,00","Rp160.000,00"
27/03/2025,Abon Sapi,Manis,500 gram,2,"Rp88.000,00","Rp176.000,00"
28/03/2025,Abon Ikan,Pedas,200 gram,1,"Rp38.000,00","Rp38.000,00"
28/03/2025,Abon Ayam,Manis,100 gram,5,"Rp27.000,00","Rp135.000,00"
28/03/2025,Abon Ikan,Pedas,200 gram,10,"Rp38.000,00","Rp380.000,00"
28/03/2025,Abon Ayam,Manis,100 gram,5,"Rp27.000,00","Rp135.000,00"
28/03/2025,Abon Ikan,Pedas,200 gram,1,"Rp38.000,00","Rp38.000,00"
28/03/2025,Abon Sapi,Manis,100 gram,2,"Rp30.000,00","Rp60.000,00"
28/03/2025,Abon Sapi,Manis,500 gram,2,"Rp88.000,00","Rp176.000,00"
28/03/2025,Abon Ikan,Pedas,100 gram,2,"Rp22.000,00","Rp44.000,00"
28/03/2025,Abon Ayam,Pedas,500 gram,2,"Rp85.000,00","Rp170.000,00"
29/03/2025,Abon Ikan,Pedas,100 gram,2,"Rp22.000,00","Rp44.000,00"
29/03/2025,Abon Sapi,Pedas,500 gram,2,"Rp88.000,00","Rp176.000,00"
29/03/2025,Abon Ayam,Manis,200 gram,15,"Rp43.000,00","Rp645.000,00"
29/03/2025,Abon Ikan,Manis,100 gram,5,"Rp22.000,00","Rp110.000,00"
29/03/2025,Abon Ikan,Pedas,200 gram,1,"Rp38.000,00","Rp38.000,00"
29/03/2025,Abon Ayam,Pedas,100 gram,1,"Rp27.000,00","Rp27.000,00"
29/03/2025,Abon Sapi,Manis,200 gram,1,"Rp46.000,00","Rp46.000,00"
29/03/2025,Abon Ikan,Pedas,200 gram,2,"Rp38.000,00","Rp76.000,00"
29/03/2025,Abon Ayam,Manis,100 gram,1,"Rp27.000,00","Rp27.000,00"
29/03/2025,Abon Ikan,Pedas,200 gram,2,"Rp38.000,00","Rp76.000,00"
29/03/2025,Abon Ayam,Pedas,200 gram,15,"Rp43.000,00","Rp645.000,00"
29/03/2025,Abon Ayam,Manis,100 gram,5,"Rp27.000,00","Rp135.000,00"
29/03/2025,Abon Sapi,Manis,200 gram,5,"Rp46.000,00","Rp230.000,00"
29/03/2025,Abon Sapi,Manis,500 gram,5,"Rp88.000,00","Rp440.000,00"
29/03/2025,Abon Ikan,Manis,200 gram,5,"Rp38.000,00","Rp190.000,00"
29/03/2025,Abon Ikan,Pedas,500 gram,2,"Rp80.000,00","Rp160.000,00"
29/03/2025,Abon Ayam,Pedas,200 gram,2,"Rp43.000,00","Rp86.000,00"
29/03/2025,Abon Ayam,Pedas,100 gram,7,"Rp27.000,00","Rp189.000,00"
29/03/2025,Abon Ikan,Manis,500 gram,1,"Rp80.000,00","Rp80.000,00"
29/03/2025,Abon Ayam,Pedas,100 gram,2,"Rp27.000,00","Rp54.000,00"
29/03/2025,Abon Ikan,Pedas,500 gram,3,"Rp80.000,00","Rp240.000,00"
29/03/2025,Abon Ayam,Manis,100 gram,1,"Rp27.000,00","Rp27.000,00"
30/03/2025,Abon Ikan,Pedas,500 gram,1,"Rp80.000,00","Rp80.000,00"
30/03/2025,Abon Sapi,Pedas,100 gram,1,"Rp30.000,00","Rp30.000,00"
30/03/2025,Abon Ikan,Manis,100 gram,2,"Rp22.000,00","Rp44.000,00"
30/03/2025,Abon Ayam,Manis,200 gram,20,"Rp43.000,00","Rp860.000,00"
03/04/2025,Abon Ikan,Pedas,500 gram,1,"Rp80.000,00","Rp80.000,00"
03/04/2025,Abon Sapi,Manis,200 gram,2,"Rp46.000,00","Rp92.000,00"
03/04/2025,Abon Sapi,Pedas,100 gram,1,"Rp30.000,00","Rp30.000,00"
04/04/2025,Abon Ikan,Pedas,200 gram,1,"Rp38.000,00","Rp38.000,00"
04/04/2025,Abon Ayam,Manis,500 gram,4,"Rp85.000,00","Rp340.000,00"
04/04/2025,Abon Ikan,Manis,200 gram,2,"Rp38.000,00","Rp76.000,00"
04/04/2025,Abon Sapi,Pedas,100 gram,1,"Rp30.000,00","Rp30.000,00"
04/04/2025,Abon Ikan,Pedas,100 gram,2,"Rp22.000,00","Rp44.000,00"
04/04/2025,Abon Ayam,Manis,500 gram,2,"Rp85.000,00","Rp170.000,00"
04/04/2025,Abon Ikan,Manis,200 gram,5,"Rp38.000,00","Rp190.000,00"
04/04/2025,Abon Sapi,Pedas,500 gram,1,"Rp88.000,00","Rp88.000,00"
04/04/2025,Abon Ayam,Pedas,200 gram,1,"Rp43.000,00","Rp43.000,00"
04/04/2025,Abon Ayam,Pedas,100 gram,3,"Rp27.000,00","Rp81.000,00"
04/04/2025,Abon Sapi,Manis,200 gram,4,"Rp46.000,00","Rp184.000,00"
04/04/2025,Abon Ikan,Pedas,100 gram,4,"Rp22.000,00","Rp88.000,00"
04/04/2025,Abon Ikan,Pedas,200 gram,6,"Rp38.000,00","Rp228.000,00"
07/04/2025,Abon Ayam,Pedas,500 gram,1,"Rp85.000,00","Rp85.000,00"
07/04/2025,Abon Ayam,Manis,200 gram,1,"Rp43.000,00","Rp43.000,00"
07/04/2025,Abon Sapi,Manis,500 gram,4,"Rp88.000,00","Rp352.000,00"
07/04/2025,Abon Sapi,Manis,200 gram,4,"Rp46.000,00","Rp184.000,00"
07/04/2025,Abon Ikan,Pedas,100 gram,2,"Rp22.000,00","Rp44.000,00"
08/04/2025,Abon Ayam,Manis,200 gram,1,"Rp43.000,00","Rp43.000,00"
08/04/2025,Abon Ikan,Pedas,500 gram,1,"Rp80.000,00","Rp80.000,00"
08/04/2025,Abon Sapi,Pedas,500 gram,1,"Rp88.000,00","Rp88.000,00"
08/04/2025,Abon Ikan,Manis,200 gram,4,"Rp38.000,00","Rp152.000,00"
08/04/2025,Abon Ayam,Pedas,500 gram,2,"Rp85.000,00","Rp170.000,00"
08/04/2025,Abon Sapi,Manis,200 gram,1,"Rp46.000,00","Rp46.000,00"
08/04/2025,Abon Ikan,Manis,500 gram,2,"Rp80.000,00","Rp160.000,00"
08/04/2025,Abon Ayam,Pedas,100 gram,1,"Rp27.000,00","Rp27.000,00"
08/04/2025,Abon Sapi,Manis,100 gram,2,"Rp30.000,00","Rp60.000,00"
08/04/2025,Abon Ikan,Manis,100 gram,1,"Rp22.000,00","Rp22.000,00"
09/04/2025,Abon Ayam,Pedas,500 gram,3,"Rp85.000,00","Rp255.000,00"
09/04/2025,Abon Sapi,Pedas,200 gram,2,"Rp46.000,00","Rp92.000,00"
09/04/2025,Abon Ikan,Manis,200 gram,2,"Rp38.000,00","Rp76.000,00"
09/04/2025,Abon Ayam,Pedas,500 gram,2,"Rp85.000,00","Rp170.000,00"
09/04/2025,Abon Sapi,Manis,100 gram,1,"Rp30.000,00","Rp30.000,00"
09/04/2025,Abon Ayam,Manis,200 gram,2,"Rp43.000,00","Rp86.000,00"
09/04/2025,Abon Ikan,Pedas,100 gram,1,"Rp22.000,00","Rp22.000,00"
10/04/2025,Abon Sapi,Manis,500 gram,1,"Rp88.000,00","Rp88.000,00"
10/04/2025,Abon Ikan,Pedas,200 gram,3,"Rp38.000,00","Rp114.000,00"
10/04/2025,Abon Sapi,Pedas,100 gram,5,"Rp30.000,00","Rp150.000,00"
11/04/2025,Abon Ikan,Pedas,500 gram,2,"Rp80.000,00","Rp160.000,00"
11/04/2025,Abon Ayam,Manis,100 gram,5,"Rp27.000,00","Rp135.000,00"
11/04/2025,Abon Sapi,Pedas,200 gram,1,"Rp46.000,00","Rp46.000,00"
12/04/2025,Abon Ikan,Manis,200 gram,3,"Rp38.000,00","Rp114.000,00"
12/04/2025,Abon Ayam,Manis,500 gram,2,"Rp85.000,00","Rp170.000,00"
12/04/2025,Abon Sapi,Pedas,500 gram,7,"Rp88.000,00","Rp616.000,00"
12/04/2025,Abon Ikan,Pedas,100 gram,3,"Rp22.000,00","Rp66.000,00"
12/04/2025,Abon Ayam,Manis,200 gram,1,"Rp43.000,00","Rp43.000,00"
12/04/2025,Abon Sapi,Manis,200 gram,2,"Rp46.000,00","Rp92.000,00"
12/04/2025,Abon Ikan,Pedas,500 gram,1,"Rp80.000,00","Rp80.000,00"
12/04/2025,Abon Ayam,Pedas,100 gram,7,"Rp27.000,00","Rp189.000,00"
12/04/2025,Abon Sapi,Manis,500 gram,2,"Rp88.000,00","Rp176.000,00"
13/04/2025,Abon Ikan,Pedas,500 gram,3,"Rp80.000,00","Rp240.000,00"
13/04/2025,Abon Ayam,Manis,500 gram,2,"Rp85.000,00","Rp170.000,00"
13/04/2025,Abon Sapi,Pedas,500 gram,1,"Rp88.000,00","Rp88.000,00"
13/04/2025,Abon Ikan,Manis,200 gram,1,"Rp38.000,00","Rp38.000,00"
13/04/2025,Abon Ayam,Pedas,500 gram,2,"Rp85.000,00","Rp170.000,00"
13/04/2025,Abon Sapi,Manis,200 gram,3,"Rp46.000,00","Rp138.000,00"
14/04/2025,Abon Ikan,Pedas,500 gram,4,"Rp80.000,00","Rp320.000,00"
14/04/2025,Abon Ayam,Manis,500 gram,1,"Rp85.000,00","Rp85.000,00"
15/04/2025,Abon Ayam,Pedas,100 gram,1,"Rp27.000,00","Rp27.000,00"
15/04/2025,Abon Ikan,Manis,200 gram,2,"Rp38.000,00","Rp76.000,00"
15/04/2025,Abon Sapi,Pedas,200 gram,5,"Rp46.000,00","Rp230.000,00"
15/04/2025,Abon Ikan,Manis,500 gram,6,"Rp80.000,00","Rp480.000,00"
15/04/2025,Abon Ayam,Pedas,100 gram,1,"Rp27.000,00","Rp27.000,00"
16/04/2025,Abon Ikan,Pedas,500 gram,1,"Rp80.000,00","Rp80.000,00"
16/04/2025,Abon Sapi,Manis,200 gram,1,"Rp46.000,00","Rp46.000,00"
16/04/2025,Abon Ayam,Pedas,100 gram,1,"Rp27.000,00","Rp27.000,00"
16/04/2025,Abon Ikan,Manis,100 gram,2,"Rp22.000,00","Rp44.000,00"
17/04/2025,Abon Ayam,Pedas,500 gram,1,"Rp85.000,00","Rp85.000,00"
17/04/2025,Abon Sapi,Manis,200 gram,3,"Rp46.000,00","Rp138.000,00"
17/04/2025,Abon Ikan,Pedas,100 gram,1,"Rp22.000,00","Rp22.000,00"
17/04/2025,Abon Ayam,Manis,100 gram,1,"Rp27.000,00","Rp27.000,00"
17/04/2025,Abon Sapi,Pedas,100 gram,2,"Rp30.000,00","Rp60.000,00"
17/04/2025,Abon Ikan,Manis,500 gram,2,"Rp80.000,00","Rp160.000,00"
18/04/2025,Abon Ikan,Pedas,200 gram,2,"Rp38.000,00","Rp76.000,00"
18/04/2025,Abon Ayam,Pedas,200 gram,1,"Rp43.000,00","Rp43.000,00"
18/04/2025,Abon Sapi,Pedas,100 gram,15,"Rp30.000,00","Rp450.000,00"
18/04/2025,Abon Ayam,Manis,200 gram,1,"Rp43.000,00","Rp43.000,00"
18/04/2025,Abon Ikan,Pedas,100 gram,10,"Rp22.000,00","Rp220.000,00"
18/04/2025,Abon Sapi,Manis,100 gram,5,"Rp30.000,00","Rp150.000,00"
19/04/2025,Abon Ikan,Pedas,500 gram,2,"Rp80.000,00","Rp160.000,00"
19/04/2025,Abon Ayam,Pedas,200 gram,4,"Rp43.000,00","Rp172.000,00"
19/04/2025,Abon Sapi,Manis,100 gram,4,"Rp30.000,00","Rp120.000,00"
19/04/2025,Abon Ikan,Pedas,200 gram,1,"Rp38.000,00","Rp38.000,00"
19/04/2025,Abon Ayam,Manis,200 gram,2,"Rp43.000,00","Rp86.000,00"
19/04/2025,Abon Sapi,Manis,500 gram,3,"Rp88.000,00","Rp264.000,00"
19/04/2025,Abon Ikan,Manis,200 gram,2,"Rp38.000,00","Rp76.000,00"
19/04/2025,Abon Ayam,Pedas,100 gram,6,"Rp27.000,00","Rp162.000,00"
19/04/2025,Abon Sapi,Pedas,100 gram,1,"Rp30.000,00","Rp30.000,00"
19/04/2025,Abon Sapi,Pedas,200 gram,5,"Rp46.000,00","Rp230.000,00"
19/04/2025,Abon Ayam,Manis,100 gram,5,"Rp27.000,00","Rp135.000,00"
19/04/2025,Abon Ikan,Pedas,100 gram,4,"Rp22.000,00","Rp88.000,00"
19/04/2025,Abon Ikan,Pedas,100 gram,2,"Rp22.000,00","Rp44.000,00"
20/04/2025,Abon Ayam,Manis,200 gram,6,"Rp43.000,00","Rp258.000,00"
20/04/2025,Abon Sapi,Pedas,200 gram,2,"Rp46.000,00","Rp92.000,00"
20/04/2025,Abon Ikan,Pedas,200 gram,1,"Rp38.000,00","Rp38.000,00"
20/04/2025,Abon Ayam,Manis,100 gram,1,"Rp27.000,00","Rp27.000,00"
20/04/2025,Abon Ikan,Manis,500 gram,1,"Rp80.000,00","Rp80.000,00"
20/04/2025,Abon Sapi,Pedas,100 gram,6,"Rp30.000,00","Rp180.000,00"
20/04/2025,Abon Ayam,Pedas,100 gram,3,"Rp27.000,00","Rp81.000,00"
21/04/2025,Abon Ikan,Manis,200 gram,2,"Rp38.000,00","Rp76.000,00"
21/04/2025,Abon Ayam,Pedas,500 gram,1,"Rp85.000,00","Rp85.000,00"
21/04/2025,Abon Sapi,Manis,500 gram,1,"Rp88.000,00","Rp88.000,00"
21/04/2025,Abon Ikan,Pedas,100 gram,4,"Rp22.000,00","Rp88.000,00"
21/04/2025,Abon Ayam,Manis,500 gram,4,"Rp85.000,00","Rp340.000,00"
21/04/2025,Abon Sapi,Pedas,100 gram,1,"Rp30.000,00","Rp30.000,00"
22/04/2025,Abon Ikan,Pedas,500 gram,1,"Rp80.000,00","Rp80.000,00"
22/04/2025,Abon Ayam,Pedas,500 gram,1,"Rp85.000,00","Rp85.000,00"
22/04/2025,Abon Sapi,Manis,500 gram,2,"Rp88.000,00","Rp176.000,00"
22/04/2025,Abon Ikan,Manis,100 gram,1,"Rp22.000,00","Rp22.000,00"
23/04/2025,Abon Ayam,Pedas,100 gram,3,"Rp27.000,00","Rp81.000,00"
23/04/2025,Abon Ikan,Manis,200 gram,1,"Rp38.000,00","Rp38.000,00"
23/04/2025,Abon Ayam,Manis,100 gram,2,"Rp27.000,00","Rp54.000,00"
23/04/2025,Abon Sapi,Pedas,200 gram,2,"Rp46.000,00","Rp92.000,00"
23/04/2025,Abon Ikan,Pedas,200 gram,1,"Rp38.000,00","Rp38.000,00"
23/04/2025,Abon Ayam,Pedas,500 gram,10,"Rp85.000,00","Rp850.000,00"
24/04/2025,Abon Ikan,Manis,200 gram,1,"Rp38.000,00","Rp38.000,00"
24/04/2025,Abon Sapi,Manis,100 gram,3,"Rp30.000,00","Rp90.000,00"
24/04/2025,Abon Ayam,Pedas,200 gram,1,"Rp43.000,00","Rp43.000,00"
24/04/2025,Abon Ikan,Pedas,200 gram,4,"Rp38.000,00","Rp152.000,00"
24/04/2025,Abon Sapi,Manis,200 gram,2,"Rp46.000,00","Rp92.000,00"
24/04/2025,Abon Ikan,Manis,200 gram,2,"Rp38.000,00","Rp76.000,00"
24/04/2025,Abon Ayam,Pedas,200 gram,2,"Rp43.000,00","Rp86.000,00"
24/04/2025,Abon Sapi,Manis,100 gram,1,"Rp30.000,00","Rp30.000,00"
24/04/2025,Abon Ikan,Pedas,500 gram,1,"Rp80.000,00","Rp80.000,00"
24/04/2025,Abon Ayam,Pedas,200 gram,2,"Rp43.000,00","Rp86.000,00"
25/04/2025,Abon Sapi,Pedas,500 gram,1,"Rp88.000,00","Rp88.000,00"
25/04/2025,Abon Ikan,Manis,500 gram,2,"Rp80.000,00","Rp160.000,00"
25/04/2025,Abon Ayam,Manis,100 gram,1,"Rp27.000,00","Rp27.000,00"
25/04/2025,Abon Sapi,Pedas,100 gram,1,"Rp30.000,00","Rp30.000,00"
26/04/2025,Abon Ikan,Manis,500 gram,2,"Rp80.000,00","Rp160.000,00"
26/04/2025,Abon Ayam,Pedas,200 gram,1,"Rp43.000,00","Rp43.000,00"
26/04/2025,Abon Sapi,Manis,500 gram,10,"Rp88.000,00","Rp880.000,00"
26/04/2025,Abon Ikan,Pedas,200 gram,1,"Rp38.000,00","Rp38.000,00"
26/04/2025,Abon Ayam,Manis,100 gram,1,"Rp27.000,00","Rp27.000,00"
26/04/2025,Abon Sapi,Pedas,100 gram,1,"Rp30.000,00","Rp30.000,00"
26/04/2025,Abon Ikan,Pedas,500 gram,5,"Rp80.000,00","Rp400.000,00"
26/04/2025,Abon Ayam,Manis,200 gram,9,"Rp43.000,00","Rp387.000,00"
26/04/2025,Abon Sapi,Pedas,100 gram,1,"Rp30.000,00","Rp30.000,00"
26/04/2025,Abon Ikan,Manis,200 gram,1,"Rp38.000,00","Rp38.000,00"
26/04/2025,Abon Ayam,Pedas,100 gram,2,"Rp27.000,00","Rp54.000,00"
27/04/2025,Abon Ikan,Pedas,500 gram,2,"Rp80.000,00","Rp160.000,00"
27/04/2025,Abon Ayam,Manis,200 gram,1,"Rp43.000,00","Rp43.000,00"
27/04/2025,Abon Sapi,Pedas,100 gram,2,"Rp30.000,00","Rp60.000,00"
27/04/2025,Abon Ikan,Manis,500 gram,2,"Rp80.000,00","Rp160.000,00"
28/04/2025,Abon Ayam,Pedas,500 gram,2,"Rp85.000,00","Rp170.000,00"
28/04/2025,Abon Sapi,Pedas,500 gram,4,"Rp88.000,00","Rp352.000,00"
28/04/2025,Abon Ikan,Manis,500 gram,2,"Rp80.000,00","Rp160.000,00"
28/04/2025,Abon Ayam,Manis,100 gram,1,"Rp22.000,00","Rp22.000,00"
28/04/2025,Abon Ayam,Pedas,500 gram,1,"Rp85.000,00","Rp85.000,00"
28/04/2025,Abon Sapi,Pedas,200 gram,1,"Rp46.000,00","Rp46.000,00"
28/04/2025,Abon Ikan,Manis,200 gram,1,"Rp38.000,00","Rp38.000,00"
28/04/2025,Abon Ayam,Manis,200 gram,1,"Rp43.000,00","Rp43.000,00"
28/04/2025,Abon Ikan,Pedas,100 gram,1,"Rp22.000,00","Rp22.000,00"
29/04/2025,Abon Ayam,Pedas,500 gram,2,"Rp85.000,00","Rp170.000,00"
29/04/2025,Abon Ikan,Manis,200 gram,2,"Rp38.000,00","Rp76.000,00"
29/04/2025,Abon Sapi,Pedas,200 gram,1,"Rp46.000,00","Rp46.000,00"
29/04/2025,Abon Ikan,Manis,100 gram,1,"Rp22.000,00","Rp22.000,00"
30/04/2025,Abon Ayam,Pedas,500 gram,5,"Rp85.000,00","Rp425.000,00"
30/04/2025,Abon Sapi,Manis,200 gram,5,"Rp46.000,00","Rp230.000,00"
30/04/2025,Abon Ikan,Pedas,100 gram,7,"Rp22.000,00","Rp154.000,00"
30/04/2025,Abon Ayam,Manis,200 gram,4,"Rp43.000,00","Rp172.000,00"
30/04/2025,Abon Sapi,Pedas,500 gram,2,"Rp88.000,00","Rp176.000,00"
30/04/2025,Abon Ikan,Manis,100 gram,13,"Rp22.000,00","Rp286.000,00"
30/04/2025,Abon Ayam,Pedas,200 gram,1,"Rp43.000,00","Rp43.000,00"
30/04/2025,Abon Sapi,Manis,200 gram,1,"Rp46.000,00","Rp46.000,00"
30/04/2025,Abon Sapi,Pedas,200 gram,5,"Rp46.000,00","Rp230.000,00"
30/04/2025,Abon Ikan,Manis,100 gram,1,"Rp22.000,00","Rp22.000,00"
30/04/2025,Abon Ayam,Pedas,500 gram,3,"Rp85.000,00","Rp255.000,00"
30/04/2025,Abon Ikan,Manis,200 gram,3,"Rp38.000,00","Rp114.000,00"
30/04/2025,Abon Ayam,Pedas,100 gram,3,"Rp27.000,00","Rp81.000,00"
01/05/2025,Abon Ikan,Manis,200 gram,2,"Rp38.000,00","Rp76.000,00"
01/05/2025,Abon Sapi,Pedas,100 gram,4,"Rp30.000,00","Rp120.000,00"
01/05/2025,Abon Ikan,Manis,100 gram,1,"Rp22.000,00","Rp22.000,00"
01/05/2025,Abon Ayam,Pedas,200 gram,3,"Rp43.000,00","Rp129.000,00"
01/05/2025,Abon Sapi,Manis,200 gram,1,"Rp46.000,00","Rp46.000,00"
01/05/2025,Abon Ikan,Manis,200 gram,2,"Rp38.000,00","Rp76.000,00"
01/05/2025,Abon Ayam,Pedas,100 gram,1,"Rp27.000,00","Rp27.000,00"
02/05/2025,Abon Ikan,Manis,500 gram,2,"Rp80.000,00","Rp160.000,00"
02/05/2025,Abon Sapi,Pedas,500 gram,2,"Rp88.000,00","Rp176.000,00"
02/05/2025,Abon Ayam,Pedas,500 gram,2,"Rp85.000,00","Rp170.000,00"
02/05/2025,Abon Ayam,Pedas,500 gram,1,"Rp85.000,00","Rp85.000,00"
03/05/2025,Abon Ikan,Manis,500 gram,1,"Rp80.000,00","Rp80.000,00"
03/05/2025,Abon Sapi,Pedas,200 gram,1,"Rp46.000,00","Rp46.000,00"
03/05/2025,Abon Ayam,Manis,200 gram,1,"Rp43.000,00","Rp43.000,00"
03/05/2025,Abon Ikan,Pedas,500 gram,2,"Rp80.000,00","Rp160.000,00"
03/05/2025,Abon Ayam,Manis,100 gram,2,"Rp27.000,00","Rp54.000,00"
04/05/2025,Abon Sapi,Pedas,500 gram,1,"Rp88.000,00","Rp88.000,00"
04/05/2025,Abon Ikan,Manis,500 gram,1,"Rp80.000,00","Rp80.000,00"
04/05/2025,Abon Ikan,Pedas,100 gram,4,"Rp22.000,00","Rp88.000,00"
04/05/2025,Abon Ayam,Manis,100 gram,5,"Rp27.000,00","Rp135.000,00"
04/05/2025,Abon Ayam,Manis,200 gram,2,"Rp43.000,00","Rp86.000,00"
04/05/2025,Abon Sapi,Pedas,500 gram,1,"Rp88.000,00","Rp88.000,00"
05/06/2025,Abon Ikan,Manis,100 gram,22,"Rp22.000,00","Rp484.000,00"
05/06/2025,Abon Sapi,Pedas,500 gram,1,"Rp88.000,00","Rp88.000,00"
05/06/2025,Abon Ayam,Manis,200 gram,1,"Rp43.000,00","Rp43.000,00"
05/06/2025,Abon Ikan,Pedas,200 gram,2,"Rp38.000,00","Rp76.000,00"
05/06/2025,Abon Ayam,Manis,200 gram,1,"Rp43.000,00","Rp43.000,00"
05/06/2025,Abon Sapi,Pedas,200 gram,1,"Rp46.000,00","Rp46.000,00"
05/06/2025,Abon Ikan,Manis,500 gram,2,"Rp80.000,00","Rp160.000,00"
05/06/2025,Abon Sapi,Pedas,500 gram,1,"Rp88.000,00","Rp88.000,00"
05/06/2025,Abon Ayam,Manis,500 gram,2,"Rp85.000,00","Rp170.000,00"
05/06/2025,Abon Ayam,Pedas,200 gram,4,"Rp43.000,00","Rp172.000,00"
05/06/2025,Abon Ikan,Manis,100 gram,3,"Rp22.000,00","Rp66.000,00"
08/06/2025,Abon Sapi,Manis,100 gram,1,"Rp30.000,00","Rp30.000,00"
08/06/2025,Abon Ikan,Pedas,100 gram,3,"Rp22.000,00","Rp66.000,00"
09/06/2025,Abon Ayam,Manis,500 gram,3,"Rp85.000,00","Rp255.000,00"
09/06/2025,Abon Sapi,Pedas,200 gram,1,"Rp46.000,00","Rp46.000,00"
09/06/2025,Abon Ikan,Manis,200 gram,2,"Rp38.000,00","Rp76.000,00"
09/06/2025,Abon Ayam,Pedas,500 gram,6,"Rp85.000,00","Rp510.000,00"
09/06/2025,Abon Ayam,Manis,100 gram,1,"Rp27.000,00","Rp27.000,00"
09/06/2025,Abon Ikan,Pedas,200 gram,1,"Rp38.000,00","Rp38.000,00"
09/06/2025,Abon Sapi,Manis,500 gram,1,"Rp88.000,00","Rp88.000,00"
09/06/2025,Abon Ikan,Pedas,500 gram,2,"Rp80.000,00","Rp160.000,00"
09/06/2025,Abon Ayam,Manis,100 gram,1,"Rp27.000,00","Rp27.000,00"
10/06/2025,Abon Sapi,Pedas,200 gram,1,"Rp46.000,00","Rp46.000,00"
10/06/2025,Abon Ikan,Manis,200 gram,1,"Rp38.000,00","Rp38.000,00"
10/06/2025,Abon Ayam,Pedas,200 gram,1,"Rp43.000,00","Rp43.000,00"
10/06/2025,Abon Sapi,Manis,200 gram,8,"Rp46.000,00","Rp368.000,00"
10/06/2025,Abon Sapi,Pedas,100 gram,1,"Rp30.000,00","Rp30.000,00"
11/06/2025,Abon Ikan,Manis,200 gram,1,"Rp38.000,00","Rp38.000,00"
11/06/2025,Abon Ayam,Pedas,500 gram,1,"Rp85.000,00","Rp85.000,00"
11/06/2025,Abon Sapi,Manis,200 gram,2,"Rp46.000,00","Rp92.000,00"
11/06/2025,Abon Ikan,Pedas,500 gram,1,"Rp80.000,00","Rp80.000,00"
11/06/2025,Abon Ayam,Manis,100 gram,40,"Rp27.000,00","Rp1.080.000,00"
11/06/2025,Abon Sapi,Pedas,100 gram,15,"Rp30.000,00","Rp450.000,00"
11/06/2025,Abon Ikan,Manis,500 gram,10,"Rp80.000,00","Rp800.000,00"
11/06/2025,Abon Ayam,Pedas,500 gram,2,"Rp85.000,00","Rp170.000,00"
11/06/2025,Abon Ayam,Manis,100 gram,2,"Rp27.000,00","Rp54.000,00"
11/06/2025,Abon Ikan,Pedas,200 gram,2,"Rp38.000,00","Rp76.000,00"
12/06/2025,Abon Sapi,Manis,200 gram,1,"Rp30.000,00","Rp30.000,00"
12/06/2025,Abon Ikan,Pedas,500 gram,5,"Rp80.000,00","Rp400.000,00"
12/06/2025,Abon Ayam,Manis,200 gram,1,"Rp43.000,00","Rp43.000,00"
13/06/2025,Abon Sapi,Pedas,100 gram,1,"Rp30.000,00","Rp30.000,00"
13/06/2025,Abon Ikan,Manis,200 gram,1,"Rp38.000,00","Rp38.000,00"
13/06/2025,Abon Ayam,Pedas,200 gram,1,"Rp27.000,00","Rp27.000,00"
13/06/2025,Abon Sapi,Manis,100 gram,1,"Rp30.000,00","Rp30.000,00"
13/06/2025,Abon Sapi,Pedas,500 gram,2,"Rp88.000,00","Rp176.000,00"
13/06/2025,Abon Ikan,Manis,200 gram,3,"Rp38.000,00","Rp114.000,00"
13/06/2025,Abon Ayam,Pedas,500 gram,2,"Rp85.000,00","Rp170.000,00"
13/06/2025,Abon Sapi,Manis,200 gram,1,"Rp46.000,00","Rp46.000,00"
13/06/2025,Abon Ikan,Pedas,500 gram,1,"Rp80.000,00","Rp80.000,00"
14/06/2025,Abon Ayam,Manis,500 gram,1,"Rp85.000,00","Rp85.000,00"
15/06/2025,Abon Sapi,Pedas,500 gram,5,"Rp88.000,00","Rp440.000,00"
15/06/2025,Abon Ikan,Manis,100 gram,1,"Rp22.000,00","Rp22.000,00"
15/06/2025,Abon Ayam,Pedas,500 gram,1,"Rp85.000,00","Rp85.000,00"
15/06/2025,Abon Ayam,Manis,500 gram,1,"Rp85.000,00","Rp85.000,00"
15/06/2025,Abon Ikan,Pedas,200 gram,10,"Rp38.000,00","Rp380.000,00"
15/06/2025,Abon Sapi,Manis,100 gram,1,"Rp30.000,00","Rp30.000,00"
15/06/2025,Abon Ikan,Pedas,100 gram,2,"Rp22.000,00","Rp44.000,00"
15/06/2025,Abon Ayam,Manis,200 gram,1,"Rp43.000,00","Rp43.000,00"
15/06/2025,Abon Sapi,Pedas,200 gram,2,"Rp46.000,00","Rp92.000,00"
15/06/2025,Abon Ikan,Manis,500 gram,4,"Rp80.000,00","Rp320.000,00"
15/06/2025,Abon Ayam,Pedas,200 gram,4,"Rp43.000,00","Rp172.000,00"
15/06/2025,Abon Sapi,Manis,100 gram,2,"Rp30.000,00","Rp60.000,00"
15/06/2025,Abon Sapi,Pedas,100 gram,2,"Rp30.000,00","Rp60.000,00"
16/06/2025,Abon Ikan,Manis,200 gram,2,"Rp38.000,00","Rp76.000,00"
16/06/2025,Abon Ayam,Pedas,500 gram,2,"Rp85.000,00","Rp170.000,00"
16/06/2025,Abon Sapi,Manis,200 gram,1,"Rp46.000,00","Rp46.000,00"
16/06/2025,Abon Ikan,Pedas,500 gram,1,"Rp80.000,00","Rp80.000,00"
16/06/2025,Abon Ayam,Manis,200 gram,1,"Rp43.000,00","Rp43.000,00"
16/06/2025,Abon Sapi,Pedas,500 gram,2,"Rp88.000,00","Rp176.000,00"
16/06/2025,Abon Ikan,Manis,200 gram,4,"Rp38.000,00","Rp152.000,00"
16/06/2025,Abon Ayam,Manis,200 gram,8,"Rp43.000,00","Rp344.000,00"
16/06/2025,Abon Ayam,Pedas,100 gram,3,"Rp27.000,00","Rp81.000,00"
16/06/2025,Abon Ikan,Pedas,500 gram,6,"Rp80.000,00","Rp480.000,00"
16/06/2025,Abon Sapi,Manis,200 gram,4,"Rp46.000,00","Rp184.000,00"
16/06/2025,Abon Ikan,Pedas,200 gram,4,"Rp38.000,00","Rp152.000,00"
16/06/2025,Abon Ayam,Manis,500 gram,2,"Rp85.000,00","Rp170.000,00"
17/06/2025,Abon Sapi,Pedas,100 gram,1,"Rp30.000,00","Rp30.000,00"
17/06/2025,Abon Ikan,Manis,100 gram,1,"Rp22.000,00","Rp22.000,00"
17/06/2025,Abon Ayam,Pedas,100 gram,2,"Rp27.000,00","Rp54.000,00"
17/06/2025,Abon Sapi,Manis,500 gram,1,"Rp88.000,00","Rp88.000,00"
17/06/2025,Abon Sapi,Pedas,500 gram,1,"Rp88.000,00","Rp88.000,00"
18/06/2025,Abon Ikan,Manis,500 gram,2,"Rp80.000,00","Rp160.000,00"
18/06/2025,Abon Ayam,Manis,200 gram,3,"Rp43.000,00","Rp129.000,00"
18/06/2025,Abon Sapi,Pedas,200 gram,1,"Rp46.000,00","Rp46.000,00"
18/06/2025,Abon Ikan,Manis,200 gram,7,"Rp38.000,00","Rp266.000,00"
18/06/2025,Abon Sapi,Pedas,500 gram,2,"Rp88.000,00","Rp176.000,00"
18/06/2025,Abon Ikan,Manis,100 gram,2,"Rp22.000,00","Rp44.000,00"
18/06/2025,Abon Ayam,Manis,200 gram,1,"Rp43.000,00","Rp43.000,00"
18/06/2025,Abon Sapi,Pedas,500 gram,1,"Rp88.000,00","Rp88.000,00"
18/06/2025,Abon Ikan,Pedas,500 gram,1,"Rp80.000,00","Rp80.000,00"
18/06/2025,Abon Ayam,Manis,100 gram,1,"Rp27.000,00","Rp27.000,00"
18/06/2025,Abon Sapi,Pedas,500 gram,1,"Rp88.000,00","Rp88.000,00"
18/06/2025,Abon Sapi,Manis,100 gram,3,"Rp30.000,00","Rp90.000,00"
18/06/2025,Abon Ikan,Pedas,100 gram,2,"Rp22.000,00","Rp44.000,00"
18/06/2025,Abon Ayam,Manis,200 gram,3,"Rp43.000,00","Rp129.000,00"
18/06/2025,Abon Sapi,Pedas,100 gram,4,"Rp30.000,00","Rp120.000,00"
18/06/2025,Abon Ikan,Manis,100 gram,7,"Rp22.000,00","Rp154.000,00"
18/06/2025,Abon Sapi,Pedas,200 gram,5,"Rp46.000,00","Rp230.000,00"
18/06/2025,Abon Ikan,Manis,500 gram,1,"Rp80.000,00","Rp80.000,00"
20/06/2025,Abon Ayam,Manis,500 gram,1,"Rp85.000,00","Rp85.000,00"
20/06/2025,Abon Sapi,Pedas,500 gram,1,"Rp88.000,00","Rp88.000,00"
20/06/2025,Abon Ikan,Manis,200 gram,1,"Rp38.000,00","Rp38.000,00"
21/06/2025,Abon Ayam,Pedas,200 gram,5,"Rp43.000,00","Rp215.000,00"
21/06/2025,Abon Sapi,Manis,200 gram,4,"Rp46.000,00","Rp184.000,00"
21/06/2025,Abon Sapi,Manis,500 gram,5,"Rp88.000,00","Rp440.000,00"
21/06/2025,Abon Ikan,Pedas,200 gram,1,"Rp38.000,00","Rp38.000,00"
21/06/2025,Abon Ayam,Pedas,100 gram,1,"Rp27.000,00","Rp27.000,00"
22/06/2025,Abon Sapi,Manis,200 gram,1,"Rp46.000,00","Rp46.000,00"
22/06/2025,Abon Ikan,Pedas,100 gram,4,"Rp22.000,00","Rp88.000,00"
22/06/2025,Abon Sapi,Manis,200 gram,1,"Rp46.000,00","Rp46.000,00"
23/06/2025,Abon Ikan,Pedas,200 gram,1,"Rp38.000,00","Rp38.000,00"
23/06/2025,Abon Ayam,Manis,500 gram,1,"Rp85.000,00","Rp85.000,00"
23/06/2025,Abon Sapi,Pedas,200 gram,1,"Rp46.000,00","Rp46.000,00"
23/06/2025,Abon Ikan,Manis,500 gram,2,"Rp80.000,00","Rp160.000,00"
23/06/2025,Abon Ayam,Pedas,500 gram,2,"Rp85.000,00","Rp170.000,00"
23/06/2025,Abon Sapi,Manis,500 gram,1,"Rp88.000,00","Rp88.000,00"
23/06/2025,Abon Sapi,Pedas,200 gram,1,"Rp46.000,00","Rp46.000,00"
23/06/2025,Abon Ikan,Pedas,500 gram,1,"Rp80.000,00","Rp80.000,00"
24/06/2025,Abon Ayam,Manis,100 gram,1,"Rp27.000,00","Rp27.000,00"
24/06/2025,Abon Sapi,Pedas,200 gram,2,"Rp46.000,00","Rp92.000,00"
24/06/2025,Abon Ikan,Manis,500 gram,1,"Rp80.000,00","Rp80.000,00"
25/06/2025,Abon Sapi,Pedas,100 gram,1,"Rp30.000,00","Rp30.000,00"
25/06/2025,Abon Ikan,Manis,500 gram,1,"Rp80.000,00","Rp80.000,00"
25/06/2025,Abon Ayam,Pedas,500 gram,1,"Rp85.000,00","Rp85.000,00"
25/06/2025,Abon Sapi,Manis,500 gram,1,"Rp88.000,00","Rp88.000,00"
25/06/2025,Abon Ikan,Pedas,100 gram,1,"Rp22.000,00","Rp22.000,00"
25/06/2025,Abon Ayam,Manis,200 gram,5,"Rp43.000,00","Rp215.000,00"
25/06/2025,Abon Sapi,Pedas,100 gram,3,"Rp30.000,00","Rp90.000,00"
25/06/2025,Abon Sapi,Manis,500 gram,2,"Rp88.000,00","Rp176.000,00"
25/06/2025,Abon Ikan,Pedas,200 gram,1,"Rp38.000,00","Rp38.000,00"
25/06/2025,Abon Ayam,Manis,100 gram,1,"Rp27.000,00","Rp27.000,00"
25/06/2025,Abon Sapi,Pedas,200 gram,2,"Rp46.000,00","Rp92.000,00"
25/06/2025,Abon Ikan,Manis,100 gram,2,"Rp22.000,00","Rp44.000,00"
26/06/2025,Abon Ayam,Pedas,500 gram,1,"Rp85.000,00","Rp85.000,00"
26/06/2025,Abon Sapi,Manis,200 gram,4,"Rp46.000,00","Rp184.000,00"
26/06/2025,Abon Ikan,Pedas,500 gram,1,"Rp80.000,00","Rp80.000,00"
26/06/2025,Abon Ayam,Manis,500 gram,2,"Rp85.000,00","Rp170.000,00"
26/06/2025,Abon Sapi,Pedas,200 gram,5,"Rp46.000,00","Rp230.000,00"
26/06/2025,Abon Ikan,Manis,100 gram,1,"Rp22.000,00","Rp22.000,00"
26/06/2025,Abon Ayam,Pedas,100 gram,3,"Rp27.000,00","Rp81.000,00"
26/06/2025,Abon Sapi,Manis,500 gram,1,"Rp88.000,00","Rp88.000,00"
26/06/2025,Abon Ikan,Pedas,200 gram,4,"Rp38.000,00","Rp152.000,00"
26/06/2025,Abon Ayam,Manis,500 gram,2,"Rp85.000,00","Rp170.000,00"
26/06/2025,Abon Sapi,Pedas,500 gram,3,"Rp88.000,00","Rp264.000,00"
26/06/2025,Abon Ikan,Manis,100 gram,1,"Rp22.000,00","Rp22.000,00"
26/06/2025,Abon Ayam,Pedas,200 gram,1,"Rp43.000,00","Rp43.000,00"
26/06/2025,Abon Sapi,Manis,200 gram,4,"Rp46.000,00","Rp184.000,00"
27/06/2025,Abon Ikan,Pedas,500 gram,1,"Rp80.000,00","Rp80.000,00"
27/06/2025,Abon Ayam,Manis,100 gram,1,"Rp27.000,00","Rp27.000,00"
27/06/2025,Abon Sapi,Pedas,200 gram,1,"Rp46.000,00","Rp46.000,00"
27/06/2025,Abon Ikan,Manis,500 gram,4,"Rp80.000,00","Rp320.000,00"
27/06/2025,Abon Ayam,Pedas,200 gram,3,"Rp43.000,00","Rp129.000,00"
27/06/2025,Abon Sapi,Manis,100 gram,1,"Rp30.000,00","Rp30.000,00"
27/06/2025,Abon Ikan,Pedas,200 gram,3,"Rp38.000,00","Rp114.000,00"
27/06/2025,Abon Ayam,Manis,200 gram,2,"Rp43.000,00","Rp86.000,00"
27/06/2025,Abon Sapi,Pedas,500 gram,1,"Rp88.000,00","Rp88.000,00"
27/06/2025,Abon Ikan,Manis,200 gram,5,"Rp38.000,00","Rp190.000,00"
27/06/2025,Abon Ayam,Pedas,500 gram,1,"Rp85.000,00","Rp85.000,00"
28/06/2025,Abon Ikan,Pedas,500 gram,1,"Rp80.000,00","Rp80.000,00"
28/06/2025,Abon Ayam,Manis,100 gram,1,"Rp27.000,00","Rp27.000,00"
28/06/2025,Abon Sapi,Pedas,200 gram,1,"Rp46.000,00","Rp46.000,00"
28/06/2025,Abon Ikan,Manis,500 gram,4,"Rp80.000,00","Rp320.000,00"
28/06/2025,Abon Ayam,Pedas,200 gram,3,"Rp43.000,00","Rp129.000,00"
28/06/2025,Abon Sapi,Manis,100 gram,1,"Rp30.000,00","Rp30.000,00"
28/06/2025,Abon Ikan,Pedas,200 gram,3,"Rp38.000,00","Rp114.000,00"
28/06/2025,Abon Ayam,Manis,200 gram,2,"Rp43.000,00","Rp86.000,00"
28/06/2025,Abon Sapi,Pedas,500 gram,1,"Rp88.000,00","Rp88.000,00"
28/06/2025,Abon Ikan,Manis,200 gram,5,"Rp38.000,00","Rp190.000,00"
28/06/2025,Abon Ayam,Pedas,500 gram,1,"Rp85.000,00","Rp85.000,00"
29/06/2025,Abon Ikan,Pedas,500 gram,1,"Rp80.000,00","Rp80.000,00"
29/06/2025,Abon Ayam,Manis,100 gram,1,"Rp27.000,00","Rp27.000,00"
29/06/2025,Abon Sapi,Pedas,200 gram,1,"Rp46.000,00","Rp46.000,00"
29/06/2025,Abon Ikan,Manis,500 gram,4,"Rp80.000,00","Rp320.000,00"
29/06/2025,Abon Ayam,Pedas,200 gram,3,"Rp43.000,00","Rp129.000,00"
29/06/2025,Abon Sapi,Manis,100 gram,1,"Rp30.000,00","Rp30.000,00"
29/06/2025,Abon Ikan,Pedas,200 gram,3,"Rp38.000,00","Rp114.000,00"
29/06/2025,Abon Ayam,Manis,200 gram,2,"Rp43.000,00","Rp86.000,00"
29/06/2025,Abon Sapi,Pedas,500 gram,1,"Rp88.000,00","Rp88.000,00"
29/06/2025,Abon Ikan,Manis,200 gram,5,"Rp38.000,00","Rp190.000,00"
29/06/2025,Abon Ayam,Pedas,500 gram,1,"Rp85.000,00","Rp85.000,00"
30/06/2025,Abon Ikan,Pedas,500 gram,1,"Rp80.000,00","Rp80.000,00"
30/06/2025,Abon Ayam,Manis,100 gram,1,"Rp27.000,00","Rp27.000,00"
30/06/2025,Abon Sapi,Pedas,200 gram,1,"Rp46.000,00","Rp46.000,00"
30/06/2025,Abon Ikan,Manis,500 gram,4,"Rp80.000,00","Rp320.000,00"
30/06/2025,Abon Ayam,Pedas,200 gram,3,"Rp43.000,00","Rp129.000,00"
30/06/2025,Abon Sapi,Manis,100 gram,1,"Rp30.000,00","Rp30.000,00"
30/06/2025,Abon Ikan,Pedas,200 gram,3,"Rp38.000,00","Rp114.000,00"
30/06/2025,Abon Ayam,Manis,200 gram,2,"Rp43.000,00","Rp86.000,00"
30/06/2025,Abon Sapi,Pedas,500 gram,1,"Rp88.000,00","Rp88.000,00"
30/06/2025,Abon Ikan,Manis,200 gram,5,"Rp38.000,00","Rp190.000,00"
30/06/2025,Abon Ayam,Pedas,500 gram,1,"Rp85.000,00","Rp85.000,00"
01/07/2025,Abon Ikan,Pedas,500 gram,1,"Rp80.000,00","Rp80.000,00"
01/07/2025,Abon Ayam,Manis,100 gram,1,"Rp27.000,00","Rp27.000,00"
01/07/2025,Abon Sapi,Pedas,200 gram,1,"Rp46.000,00","Rp46.000,00"
01/07/2025,Abon Ikan,Manis,500 gram,4,"Rp80.000,00","Rp320.000,00"
01/07/2025,Abon Ayam,Pedas,200 gram,3,"Rp43.000,00","Rp129.000,00"
01/07/2025,Abon Sapi,Manis,100 gram,1,"Rp30.000,00","Rp30.000,00"
01/07/2025,Abon Ikan,Pedas,200 gram,3,"Rp38.000,00","Rp114.000,00"
01/07/2025,Abon Ayam,Manis,200 gram,2,"Rp43.000,00","Rp86.000,00"
01/07/2025,Abon Sapi,Pedas,500 gram,1,"Rp88.000,00","Rp88.000,00"
01/07/2025,Abon Ikan,Manis,200 gram,5,"Rp38.000,00","Rp190.000,00"
01/07/2025,Abon Ayam,Pedas,500 gram,1,"Rp85.000,00","Rp85.000,00"
02/07/2025,Abon Ikan,Pedas,500 gram,1,"Rp80.000,00","Rp80.000,00"
02/07/2025,Abon Ayam,Manis,100 gram,1,"Rp27.000,00","Rp27.000,00"
02/07/2025,Abon Sapi,Pedas,200 gram,1,"Rp46.000,00","Rp46.000,00"
02/07/2025,Abon Ikan,Manis,500 gram,4,"Rp80.000,00","Rp320.000,00"
02/07/2025,Abon Ayam,Pedas,200 gram,3,"Rp43.000,00","Rp129.000,00"
02/07/2025,Abon Sapi,Manis,100 gram,1,"Rp30.000,00","Rp30.000,00"
02/07/2025,Abon Ikan,Pedas,200 gram,3,"Rp38.000,00","Rp114.000,00"
02/07/2025,Abon Ayam,Manis,200 gram,2,"Rp43.000,00","Rp86.000,00"
02/07/2025,Abon Sapi,Pedas,500 gram,1,"Rp88.000,00","Rp88.000,00"
02/07/2025,Abon Ikan,Manis,200 gram,5,"Rp38.000,00","Rp190.000,00"
02/07/2025,Abon Ayam,Pedas,500 gram,1,"Rp85.000,00","Rp85.000,00"
03/07/2025,Abon Ikan,Pedas,500 gram,1,"Rp80.000,00","Rp80.000,00"
03/07/2025,Abon Ayam,Manis,100 gram,1,"Rp27.000,00","Rp27.000,00"
03/07/2025,Abon Sapi,Pedas,200 gram,1,"Rp46.000,00","Rp46.000,00"
03/07/2025,Abon Ikan,Manis,500 gram,4,"Rp80.000,00","Rp320.000,00"
03/07/2025,Abon Ayam,Pedas,200 gram,3,"Rp43.000,00","Rp129.000,00"
03/07/2025,Abon Sapi,Manis,100 gram,1,"Rp30.000,00","Rp30.000,00"
03/07/2025,Abon Ikan,Pedas,200 gram,3,"Rp38.000,00","Rp114.000,00"
03/07/2025,Abon Ayam,Manis,200 gram,2,"Rp43.000,00","Rp86.000,00"
03/07/2025,Abon Sapi,Pedas,500 gram,1,"Rp88.000,00","Rp88.000,00"
03/07/2025,Abon Ikan,Manis,200 gram,5,"Rp38.000,00","Rp190.000,00"
03/07/2025,Abon Ayam,Pedas,500 gram,1,"Rp85.000,00","Rp85.000,00"
04/07/2025,Abon Ikan,Pedas,500 gram,1,"Rp80.000,00","Rp80.000,00"
04/07/2025,Abon Ayam,Manis,100 gram,1,"Rp27.000,00","Rp27.000,00"
04/07/2025,Abon Sapi,Pedas,200 gram,1,"Rp46.000,00","Rp46.000,00"
04/07/2025,Abon Ikan,Manis,500 gram,4,"Rp80.000,00","Rp320.000,00"
04/07/2025,Abon Ayam,Pedas,200 gram,3,"Rp43.000,00","Rp129.000,00"
04/07/2025,Abon Sapi,Manis,100 gram,1,"Rp30.000,00","Rp30.000,00"
04/07/2025,Abon Ikan,Pedas,200 gram,3,"Rp38.000,00","Rp114.000,00"
04/07/2025,Abon Ayam,Manis,200 gram,2,"Rp43.000,00","Rp86.000,00"
04/07/2025,Abon Sapi,Pedas,500 gram,1,"Rp88.000,00","Rp88.000,00"
04/07/2025,Abon Ikan,Manis,200 gram,5,"Rp38.000,00","Rp190.000,00"
04/07/2025,Abon Ayam,Pedas,500 gram,1,"Rp85.000,00","Rp85.000,00"
05/07/2025,Abon Ikan,Pedas,500 gram,1,"Rp80.000,00","Rp80.000,00"
05/07/2025,Abon Ayam,Manis,100 gram,1,"Rp27.000,00","Rp27.000,00"
05/07/2025,Abon Sapi,Pedas,200 gram,1,"Rp46.000,00","Rp46.000,00"
05/07/2025,Abon Ikan,Manis,500 gram,4,"Rp80.000,00","Rp320.000,00"
05/07/2025,Abon Ayam,Pedas,200 gram,3,"Rp43.000,00","Rp129.000,00"
05/07/2025,Abon Sapi,Manis,100 gram,1,"Rp30.000,00","Rp30.000,00"
05/07/2025,Abon Ikan,Pedas,200 gram,3,"Rp38.000,00","Rp114.000,00"
05/07/2025,Abon Ayam,Manis,200 gram,2,"Rp43.000,00","Rp86.000,00"
05/07/2025,Abon Sapi,Pedas,500 gram,1,"Rp88.000,00","Rp88.000,00"
05/07/2025,Abon Ikan,Manis,200 gram,5,"Rp38.000,00","Rp190.000,00"
05/07/2025,Abon Ayam,Pedas,500 gram,1,"Rp85.000,00","Rp85.000,00"
06/07/2025,Abon Ikan,Pedas,500 gram,1,"Rp80.000,00","Rp80.000,00"
06/07/2025,Abon Ayam,Manis,100 gram,1,"Rp27.000,00","Rp27.000,00"
06/07/2025,Abon Sapi,Pedas,200 gram,1,"Rp46.000,00","Rp46.000,00"
06/07/2025,Abon Ikan,Manis,500 gram,4,"Rp80.000,00","Rp320.000,00"
06/07/2025,Abon Ayam,Pedas,200 gram,3,"Rp43.000,00","Rp129.000,00"
06/07/2025,Abon Sapi,Manis,100 gram,1,"Rp30.000,00","Rp30.000,00"
06/07/2025,Abon Ikan,Pedas,200 gram,3,"Rp38.000,00","Rp114.000,00"
06/07/2025,Abon Ayam,Manis,200 gram,2,"Rp43.000,00","Rp86.000,00"
06/07/2025,Abon Sapi,Pedas,500 gram,1,"Rp88.000,00","Rp88.000,00"
06/07/2025,Abon Ikan,Manis,200 gram,5,"Rp38.000,00","Rp190.000,00"
06/07/2025,Abon Ayam,Pedas,500 gram,1,"Rp85.000,00","Rp85.000,00"
07/07/2025,Abon Ikan,Pedas,500 gram,1,"Rp80.000,00","Rp80.000,00"
07/07/2025,Abon Ayam,Manis,100 gram,1,"Rp27.000,00","Rp27.000,00"
07/07/2025,Abon Sapi,Pedas,200 gram,1,"Rp46.000,00","Rp46.000,00"
07/07/2025,Abon Ikan,Manis,500 gram,4,"Rp80.000,00","Rp320.000,00"
07/07/2025,Abon Ayam,Pedas,200 gram,3,"Rp43.000,00","Rp129.000,00"
07/07/2025,Abon Sapi,Manis,100 gram,1,"Rp30.000,00","Rp30.000,00"
07/07/2025,Abon Ikan,Pedas,200 gram,3,"Rp38.000,00","Rp114.000,00"
07/07/2025,Abon Ayam,Manis,200 gram,2,"Rp43.000,00","Rp86.000,00"
07/07/2025,Abon Sapi,Pedas,500 gram,1,"Rp88.000,00","Rp88.000,00"
07/07/2025,Abon Ikan,Manis,200 gram,5,"Rp38.000,00","Rp190.000,00"
07/07/2025,Abon Ayam,Pedas,500 gram,1,"Rp85.000,00","Rp85.000,00"
08/07/2025,Abon Ikan,Pedas,500 gram,1,"Rp80.000,00","Rp80.000,00"
08/07/2025,Abon Ayam,Manis,100 gram,1,"Rp27.000,00","Rp27.000,00"
08/07/2025,Abon Sapi,Pedas,200 gram,1,"Rp46.000,00","Rp46.000,00"
08/07/2025,Abon Ikan,Manis,500 gram,4,"Rp80.000,00","Rp320.000,00"
08/07/2025,Abon Ayam,Pedas,200 gram,3,"Rp43.000,00","Rp129.000,00"
08/07/2025,Abon Sapi,Manis,100 gram,1,"Rp30.000,00","Rp30.000,00"
08/07/2025,Abon Ikan,Pedas,200 gram,3,"Rp38.000,00","Rp114.000,00"
08/07/2025,Abon Ayam,Manis,200 gram,2,"Rp43.000,00","Rp86.000,00"
08/07/2025,Abon Sapi,Pedas,500 gram,1,"Rp88.000,00","Rp88.000,00"
08/07/2025,Abon Ikan,Manis,200 gram,5,"Rp38.000,00","Rp190.000,00"
08/07/2025,Abon Ayam,Pedas,500 gram,1,"Rp85.000,00","Rp85.000,00"
09/07/2025,Abon Ikan,Pedas,500 gram,1,"Rp80.000,00","Rp80.000,00"
09/07/2025,Abon Ayam,Manis,100 gram,1,"Rp27.000,00","Rp27.000,00"
09/07/2025,Abon Sapi,Pedas,200 gram,1,"Rp46.000,00","Rp46.000,00"
09/07/2025,Abon Ikan,Manis,500 gram,4,"Rp80.000,00","Rp320.000,00"
09/07/2025,Abon Ayam,Pedas,200 gram,3,"Rp43.000,00","Rp129.000,00"
09/07/2025,Abon Sapi,Manis,100 gram,1,"Rp30.000,00","Rp30.000,00"
09/07/2025,Abon Ikan,Pedas,200 gram,3,"Rp38.000,00","Rp114.000,00"
09/07/2025,Abon Ayam,Manis,200 gram,2,"Rp43.000,00","Rp86.000,00"
09/07/2025,Abon Sapi,Pedas,500 gram,1,"Rp88.000,00","Rp88.000,00"
09/07/2025,Abon Ikan,Manis,200 gram,5,"Rp38.000,00","Rp190.000,00"
09/07/2025,Abon Ayam,Pedas,500 gram,1,"Rp85.000,00","Rp85.000,00"
10/07/2025,Abon Ikan,Pedas,500 gram,1,"Rp80.000,00","Rp80.000,00"
10/07/2025,Abon Ayam,Manis,100 gram,1,"Rp27.000,00","Rp27.000,00"
10/07/2025,Abon Sapi,Pedas,200 gram,1,"Rp46.000,00","Rp46.000,00"
10/07/2025,Abon Ikan,Manis,500 gram,4,"Rp80.000,00","Rp320.000,00"
10/07/2025,Abon Ayam,Pedas,200 gram,3,"Rp43.000,00","Rp129.000,00"
10/07/2025,Abon Sapi,Manis,100 gram,1,"Rp30.000,00","Rp30.000,00"
10/07/2025,Abon Ikan,Pedas,200 gram,3,"Rp38.000,00","Rp114.000,00"
10/07/2025,Abon Ayam,Manis,200 gram,2,"Rp43.000,00","Rp86.000,00"
10/07/2025,Abon Sapi,Pedas,500 gram,1,"Rp88.000,00","Rp88.000,00"
10/07/2025,Abon Ikan,Manis,200 gram,5,"Rp38.000,00","Rp190.000,00"
10/07/2025,Abon Ayam,Pedas,500 gram,1,"Rp85.000,00","Rp85.000,00"
11/07/2025,Abon Ikan,Pedas,500 gram,1,"Rp80.000,00","Rp80.000,00"
11/07/2025,Abon Ayam,Manis,100 gram,1,"Rp27.000,00","Rp27.000,00"
11/07/2025,Abon Sapi,Pedas,200 gram,1,"Rp46.000,00","Rp46.000,00"
11/07/2025,Abon Ikan,Manis,500 gram,4,"Rp80.000,00","Rp320.000,00"
11/07/2025,Abon Ayam,Pedas,200 gram,3,"Rp43.000,00","Rp129.000,00"
11/07/2025,Abon Sapi,Manis,100 gram,1,"Rp30.000,00","Rp30.000,00"
11/07/2025,Abon Ikan,Pedas,200 gram,3,"Rp38.000,00","Rp114.000,00"
11/07/2025,Abon Ayam,Manis,200 gram,2,"Rp43.000,00","Rp86.000,00"
11/07/2025,Abon Sapi,Pedas,500 gram,1,"Rp88.000,00","Rp88.000,00"
11/07/2025,Abon Ikan,Manis,200 gram,5,"Rp38.000,00","Rp190.000,00"
11/07/2025,Abon Ayam,Pedas,500 gram,1,"Rp85.000,00","Rp85.000,00"
12/07/2025,Abon Ikan,Pedas,500 gram,1,"Rp80.000,00","Rp80.000,00"
12/07/2025,Abon Ayam,Manis,100 gram,1,"Rp27.000,00","Rp27.000,00"
12/07/2025,Abon Sapi,Pedas,200 gram,1,"Rp46.000,00","Rp46.000,00"
12/07/2025,Abon Ikan,Manis,500 gram,4,"Rp80.000,00","Rp320.000,00"
12/07/2025,Abon Ayam,Pedas,200 gram,3,"Rp43.000,00","Rp129.000,00"
12/07/2025,Abon Sapi,Manis,100 gram,1,"Rp30.000,00","Rp30.000,00"
12/07/2025,Abon Ikan,Pedas,200 gram,3,"Rp38.000,00","Rp114.000,00"
12/07/2025,Abon Ayam,Manis,200 gram,2,"Rp43.000,00","Rp86.000,00"
12/07/2025,Abon Sapi,Pedas,500 gram,1,"Rp88.000,00","Rp88.000,00"
12/07/2025,Abon Ikan,Manis,200 gram,5,"Rp38.000,00","Rp190.000,00"
12/07/2025,Abon Ayam,Pedas,500 gram,1,"Rp85.000,00","Rp85.000,00"
13/07/2025,Abon Ikan,Pedas,500 gram,1,"Rp80.000,00","Rp80.000,00"
13/07/2025,Abon Ayam,Manis,100 gram,1,"Rp27.000,00","Rp27.000,00"
13/07/2025,Abon Sapi,Pedas,200 gram,1,"Rp46.000,00","Rp46.000,00"
13/07/2025,Abon Ikan,Manis,500 gram,4,"Rp80.000,00","Rp320.000,00"
13/07/2025,Abon Ayam,Pedas,200 gram,3,"Rp43.000,00","Rp129.000,00"
13/07/2025,Abon Sapi,Manis,100 gram,1,"Rp30.000,00","Rp30.000,00"
13/07/2025,Abon Ikan,Pedas,200 gram,3,"Rp38.000,00","Rp114.000,00"
13/07/2025,Abon Ayam,Manis,200 gram,2,"Rp43.000,00","Rp86.000,00"
13/07/2025,Abon Sapi,Pedas,500 gram,1,"Rp88.000,00","Rp88.000,00"
13/07/2025,Abon Ikan,Manis,200 gram,5,"Rp38.000,00","Rp190.000,00"
13/07/2025,Abon Ayam,Pedas,500 gram,1,"Rp85.000,00","Rp85.000,00"
14/07/2025,Abon Ikan,Pedas,500 gram,1,"Rp80.000,00","Rp80.000,00"
14/07/2025,Abon Ayam,Manis,100 gram,1,"Rp27.000,00","Rp27.000,00"
14/07/2025,Abon Sapi,Pedas,200 gram,1,"Rp46.000,00","Rp46.000,00"
14/07/2025,Abon Ikan,Manis,500 gram,4,"Rp80.000,00","Rp320.000,00"
14/07/2025,Abon Ayam,Pedas,200 gram,3,"Rp43.000,00","Rp129.000,00"
14/07/2025,Abon Sapi,Manis,100 gram,1,"Rp30.000,00","Rp30.000,00"
14/07/2025,Abon Ikan,Pedas,200 gram,3,"Rp38.000,00","Rp114.000,00"
14/07/2025,Abon Ayam,Manis,200 gram,2,"Rp43.000,00","Rp86.000,00"
14/07/2025,Abon Sapi,Pedas,500 gram,1,"Rp88.000,00","Rp88.000,00"
14/07/2025,Abon Ikan,Manis,200 gram,5,"Rp38.000,00","Rp190.000,00"
14/07/2025,Abon Ayam,Pedas,500 gram,1,"Rp85.000,00","Rp85.000,00"
15/07/2025,Abon Ikan,Pedas,500 gram,1,"Rp80.000,00","Rp80.000,00"
15/07/2025,Abon Ayam,Manis,100 gram,1,"Rp27.000,00","Rp27.000,00"
15/07/2025,Abon Sapi,Pedas,200 gram,1,"Rp46.000,00","Rp46.000,00"
15/07/2025,Abon Ikan,Manis,500 gram,4,"Rp80.000,00","Rp320.000,00"
15/07/2025,Abon Ayam,Pedas,200 gram,3,"Rp43.000,00","Rp129.000,00"
15/07/2025,Abon Sapi,Manis,100 gram,1,"Rp30.000,00","Rp30.000,00"
15/07/2025,Abon Ikan,Pedas,200 gram,3,"Rp38.000,00","Rp114.000,00"
15/07/2025,Abon Ayam,Manis,200 gram,2,"Rp43.000,00","Rp86.000,00"
15/07/2025,Abon Sapi,Pedas,500 gram,1,"Rp88.000,00","Rp88.000,00"
15/07/2025,Abon Ikan,Manis,200 gram,5,"Rp38.000,00","Rp190.000,00"
15/07/2025,Abon Ayam,Pedas,500 gram,1,"Rp85.000,00","Rp85.000,00"
16/07/2025,Abon Ikan,Pedas,500 gram,1,"Rp80.000,00","Rp80.000,00"
16/07/2025,Abon Ayam,Manis,100 gram,1,"Rp27.000,00","Rp27.000,00"
16/07/2025,Abon Sapi,Pedas,200 gram,1,"Rp46.000,00","Rp46.000,00"
16/07/2025,Abon Ikan,Manis,500 gram,4,"Rp80.000,00","Rp320.000,00"
16/07/2025,Abon Ayam,Pedas,200 gram,3,"Rp43.000,00","Rp129.000,00"
16/07/2025,Abon Sapi,Manis,100 gram,1,"Rp30.000,00","Rp30.000,00"
16/07/2025,Abon Ikan,Pedas,200 gram,3,"Rp38.000,00","Rp114.000,00"
16/07/2025,Abon Ayam,Manis,200 gram,2,"Rp43.000,00","Rp86.000,00"
16/07/2025,Abon Sapi,Pedas,500 gram,1,"Rp88.000,00","Rp88.000,00"
16/07/2025,Abon Ikan,Manis,200 gram,5,"Rp38.000,00","Rp190.000,00"
16/07/2025,Abon Ayam,Pedas,500 gram,1,"Rp85.000,00","Rp85.000,00"
17/07/2025,Abon Ikan,Pedas,500 gram,1,"Rp80.000,00","Rp80.000,00"
17/07/2025,Abon Ayam,Manis,100 gram,1,"Rp27.000,00","Rp27.000,00"
17/07/2025,Abon Sapi,Pedas,200 gram,1,"Rp46.000,00","Rp46.000,00"
17/07/2025,Abon Ikan,Manis,500 gram,4,"Rp80.000,00","Rp320.000,00"
17/07/2025,Abon Ayam,Pedas,200 gram,3,"Rp43.000,00","Rp129.000,00"
17/07/2025,Abon Sapi,Manis,100 gram,1,"Rp30.000,00","Rp30.000,00"
17/07/2025,Abon Ikan,Pedas,200 gram,3,"Rp38.000,00","Rp114.000,00"
17/07/2025,Abon Ayam,Manis,200 gram,2,"Rp43.000,00","Rp86.000,00"
17/07/2025,Abon Sapi,Pedas,500 gram,1,"Rp88.000,00","Rp88.000,00"
17/07/2025,Abon Ikan,Manis,200 gram,5,"Rp38.000,00","Rp190.000,00"
17/07/2025,Abon Ayam,Pedas,500 gram,1,"Rp85.000,00","Rp85.000,00"
18/07/2025,Abon Ikan,Pedas,500 gram,1,"Rp80.000,00","Rp80.000,00"
18/07/2025,Abon Ayam,Manis,100 gram,1,"Rp27.000,00","Rp27.000,00"
18/07/2025,Abon Sapi,Pedas,200 gram,1,"Rp46.000,00","Rp46.000,00"
18/07/2025,Abon Ikan,Manis,500 gram,4,"Rp80.000,00","Rp320.000,00"
18/07/2025,Abon Ayam,Pedas,200 gram,3,"Rp43.000,00","Rp129.000,00"
18/07/2025,Abon Sapi,Manis,100 gram,1,"Rp30.000,00","Rp30.000,00"
18/07/2025,Abon Ikan,Pedas,200 gram,3,"Rp38.000,00","Rp114.000,00"
18/07/2025,Abon Ayam,Manis,200 gram,2,"Rp43.000,00","Rp86.000,00"
18/07/2025,Abon Sapi,Pedas,500 gram,1,"Rp88.000,00","Rp88.000,00"
18/07/2025,Abon Ikan,Manis,200 gram,5,"Rp38.000,00","Rp190.000,00"
18/07/2025,Abon Ayam,Pedas,500 gram,1,"Rp85.000,00","Rp85.000,00"
19/07/2025,Abon Ikan,Pedas,500 gram,1,"Rp80.000,00","Rp80.000,00"
19/07/2025,Abon Ayam,Manis,100 gram,1,"Rp27.000,00","Rp27.000,00"
19/07/2025,Abon Sapi,Pedas,200 gram,1,"Rp46.000,00","Rp46.000,00"
19/07/2025,Abon Ikan,Manis,500 gram,4,"Rp80.000,00","Rp320.000,00"
19/07/2025,Abon Ayam,Pedas,200 gram,3,"Rp43.000,00","Rp129.000,00"
19/07/2025,Abon Sapi,Manis,100 gram,1,"Rp30.000,00","Rp30.000,00"
19/07/2025,Abon Ikan,Pedas,200 gram,3,"Rp38.000,00","Rp114.000,00"
19/07/2025,Abon Ayam,Manis,200 gram,2,"Rp43.000,00","Rp86.000,00"
19/07/2025,Abon Sapi,Pedas,500 gram,1,"Rp88.000,00","Rp88.000,00"
19/07/2025,Abon Ikan,Manis,200 gram,5,"Rp38.000,00","Rp190.000,00"
19/07/2025,Abon Ayam,Pedas,500 gram,1,"Rp85.000,00","Rp85.000,00"
20/07/2025,Abon Ikan,Pedas,500 gram,1,"Rp80.000,00","Rp80.000,00"
20/07/2025,Abon Ayam,Manis,100 gram,1,"Rp27.000,00","Rp27.000,00"
20/07/2025,Abon Sapi,Pedas,200 gram,1,"Rp46.000,00","Rp46.000,00"
20/07/2025,Abon Ikan,Manis,500 gram,4,"Rp80.000,00","Rp320.000,00"
20/07/2025,Abon Ayam,Pedas,200 gram,3,"Rp43.000,00","Rp129.000,00"
20/07/2025,Abon Sapi,Manis,100 gram,1,"Rp30.000,00","Rp30.000,00"
20/07/2025,Abon Ikan,Pedas,200 gram,3,"Rp38.000,00","Rp114.000,00"
20/07/2025,Abon Ayam,Manis,200 gram,2,"Rp43.000,00","Rp86.000,00"
20/07/2025,Abon Sapi,Pedas,500 gram,1,"Rp88.000,00","Rp88.000,00"
20/07/2025,Abon Ikan,Manis,200 gram,5,"Rp38.000,00","Rp190.000,00"
20/07/2025,Abon Ayam,Pedas,500 gram,1,"Rp85.000,00","Rp85.000,00"
21/07/2025,Abon Ikan,Pedas,500 gram,1,"Rp80.000,00","Rp80.000,00"
21/07/2025,Abon Ayam,Manis,100 gram,1,"Rp27.000,00","Rp27.000,00"
21/07/2025,Abon Sapi,Pedas,200 gram,1,"Rp46.000,00","Rp46.000,00"
21/07/2025,Abon Ikan,Manis,500 gram,4,"Rp80.000,00","Rp320.000,00"
21/07/2025,Abon Ayam,Pedas,200 gram,3,"Rp43.000,00","Rp129.000,00"
21/07/2025,Abon Sapi,Manis,100 gram,1,"Rp30.000,00","Rp30.000,00"
21/07/2025,Abon Ikan,Pedas,200 gram,3,"Rp38.000,00","Rp114.000,00"
21/07/2025,Abon Ayam,Manis,200 gram,2,"Rp43.000,00","Rp86.000,00"
21/07/2025,Abon Sapi,Pedas,500 gram,1,"Rp88.000,00","Rp88.000,00"
21/07/2025,Abon Ikan,Manis,200 gram,5,"Rp38.000,00","Rp190.000,00"
21/07/2025,Abon Ayam,Pedas,500 gram,1,"Rp85.000,00","Rp85.000,00"
22/07/2025,Abon Ikan,Pedas,500 gram,1,"Rp80.000,00","Rp80.000,00"
22/07/2025,Abon Ayam,Manis,100 gram,1,"Rp27.000,00","Rp27.000,00"
22/07/2025,Abon Sapi,Pedas,200 gram,1,"Rp46.000,00","Rp46.000,00"
22/07/2025,Abon Ikan,Manis,500 gram,4,"Rp80.000,00","Rp320.000,00"
22/07/2025,Abon Ayam,Pedas,200 gram,3,"Rp43.000,00","Rp129.000,00"
22/07/2025,Abon Sapi,Manis,100 gram,1,"Rp30.000,00","Rp30.000,00"
22/07/2025,Abon Ikan,Pedas,200 gram,3,"Rp38.000,00","Rp114.000,00"
22/07/2025,Abon Ayam,Manis,200 gram,2,"Rp43.000,00","Rp86.000,00"
22/07/2025,Abon Sapi,Pedas,500 gram,1,"Rp88.000,00","Rp88.000,00"
22/07/2025,Abon Ikan,Manis,200 gram,5,"Rp38.000,00","Rp190.000,00"
22/07/2025,Abon Ayam,Pedas,500 gram,1,"Rp85.000,00","Rp85.000,00"
23/07/2025,Abon Ikan,Pedas,500 gram,1,"Rp80.000,00","Rp80.000,00"
23/07/2025,Abon Ayam,Manis,100 gram,1,"Rp27.000,00","Rp27.000,00"
23/07/2025,Abon Sapi,Pedas,200 gram,1,"Rp46.000,00","Rp46.000,00"
23/07/2025,Abon Ikan,Manis,500 gram,4,"Rp80.000,00","Rp320.000,00"
23/07/2025,Abon Ayam,Pedas,200 gram,3,"Rp43.000,00","Rp129.000,00"
23/07/2025,Abon Sapi,Manis,100 gram,1,"Rp30.000,00","Rp30.000,00"
23/07/2025,Abon Ikan,Pedas,200 gram,3,"Rp38.000,00","Rp114.000,00"
23/07/2025,Abon Ayam,Manis,200 gram,2,"Rp43.000,00","Rp86.000,00"
23/07/2025,Abon Sapi,Pedas,500 gram,1,"Rp88.000,00","Rp88.000,00"
23/07/2025,Abon Ikan,Manis,200 gram,5,"Rp38.000,00","Rp190.000,00"
23/07/2025,Abon Ayam,Pedas,500 gram,1,"Rp85.000,00","Rp85.000,00"
24/07/2025,Abon Ikan,Pedas,500 gram,1,"Rp80.000,00","Rp80.000,00"
24/07/2025,Abon Ayam,Manis,100 gram,1,"Rp27.000,00","Rp27.000,00"
24/07/2025,Abon Sapi,Pedas,200 gram,1,"Rp46.000,00","Rp46.000,00"
24/07/2025,Abon Ikan,Manis,500 gram,4,"Rp80.000,00","Rp320.000,00"
24/07/2025,Abon Ayam,Pedas,200 gram,3,"Rp43.000,00","Rp129.000,00"
24/07/2025,Abon Sapi,Manis,100 gram,1,"Rp30.000,00","Rp30.000,00"
24/07/2025,Abon Ikan,Pedas,200 gram,3,"Rp38.000,00","Rp114.000,00"
24/07/2025,Abon Ayam,Manis,200 gram,2,"Rp43.000,00","Rp86.000,00"
24/07/2025,Abon Sapi,Pedas,500 gram,1,"Rp88.000,00","Rp88.000,00"
24/07/2025,Abon Ikan,Manis,200 gram,5,"Rp38.000,00","Rp190.000,00"
24/07/2025,Abon Ayam,Pedas,500 gram,1,"Rp85.000,00","Rp85.000,00"
25/07/2025,Abon Ikan,Pedas,500 gram,1,"Rp80.000,00","Rp80.000,00"
25/07/2025,Abon Ayam,Manis,100 gram,1,"Rp27.000,00","Rp27.000,00"
25/07/2025,Abon Sapi,Pedas,200 gram,1,"Rp46.000,00","Rp46.000,00"
25/07/2025,Abon Ikan,Manis,500 gram,4,"Rp80.000,00","Rp320.000,00"
25/07/2025,Abon Ayam,Pedas,200 gram,3,"Rp43.000,00","Rp129.000,00"
25/07/2025,Abon Sapi,Manis,100 gram,1,"Rp30.000,00","Rp30.000,00"
25/07/2025,Abon Ikan,Pedas,200 gram,3,"Rp38.000,00","Rp114.000,00"
25/07/2025,Abon Ayam,Manis,200 gram,2,"Rp43.000,00","Rp86.000,00"
25/07/2025,Abon Sapi,Pedas,500 gram,1,"Rp88.000,00","Rp88.000,00"
25/07/2025,Abon Ikan,Manis,200 gram,5,"Rp38.000,00","Rp190.000,00"
25/07/2025,Abon Ayam,Pedas,500 gram,1,"Rp85.000,00","Rp85.000,00"
26/07/2025,Abon Ikan,Pedas,500 gram,1,"Rp80.000,00","Rp80.000,00"
26/07/2025,Abon Ayam,Manis,100 gram,1,"Rp27.000,00","Rp27.000,00"
26/07/2025,Abon Sapi,Pedas,200 gram,1,"Rp46.000,00","Rp46.000,00"
26/07/2025,Abon Ikan,Manis,500 gram,4,"Rp80.000,00","Rp320.000,00"
26/07/2025,Abon Ayam,Pedas,200 gram,3,"Rp43.000,00","Rp129.000,00"
26/07/2025,Abon Sapi,Manis,100 gram,1,"Rp30.000,00","Rp30.000,00"
26/07/2025,Abon Ikan,Pedas,200 gram,3,"Rp38.000,00","Rp114.000,00"
26/07/2025,Abon Ayam,Manis,200 gram,2,"Rp43.000,00","Rp86.000,00"
26/07/2025,Abon Sapi,Pedas,500 gram,1,"Rp88.000,00","Rp88.000,00"
26/07/2025,Abon Ikan,Manis,200 gram,5,"Rp38.000,00","Rp190.000,00"
26/07/2025,Abon Ayam,Pedas,500 gram,1,"Rp85.000,00","Rp85.000,00"
27/07/2025,Abon Ikan,Pedas,500 gram,1,"Rp80.000,00","Rp80.000,00"
27/07/2025,Abon Ayam,Manis,100 gram,1,"Rp27.000,00","Rp27.000,00"
27/07/2025,Abon Sapi,Pedas,200 gram,1,"Rp46.000,00","Rp46.000,00"
27/07/2025,Abon Ikan,Manis,500 gram,4,"Rp80.000,00","Rp320.000,00"
27/07/2025,Abon Ayam,Pedas,200 gram,3,"Rp43.000,00","Rp129.000,00"
27/07/2025,Abon Sapi,Manis,100 gram,1,"Rp30.000,00","Rp30.000,00"
27/07/2025,Abon Ikan,Pedas,200 gram,3,"Rp38.000,00","Rp114.000,00"
27/07/2025,Abon Ayam,Manis,200 gram,2,"Rp43.000,00","Rp86.000,00"
27/07/2025,Abon Sapi,Pedas,500 gram,1,"Rp88.000,00","Rp88.000,00"
27/07/2025,Abon Ikan,Manis,200 gram,5,"Rp38.000,00","Rp190.000,00"
27/07/2025,Abon Ayam,Pedas,500 gram,1,"Rp85.000,00","Rp85.000,00"
28/07/2025,Abon Ikan,Pedas,500 gram,1,"Rp80.000,00","Rp80.000,00"
28/07/2025,Abon Ayam,Manis,100 gram,1,"Rp27.000,00","Rp27.000,00"
28/07/2025,Abon Sapi,Pedas,200 gram,1,"Rp46.000,00","Rp46.000,00"
28/07/2025,Abon Ikan,Manis,500 gram,4,"Rp80.000,00","Rp320.000,00"
28/07/2025,Abon Ayam,Pedas,200 gram,3,"Rp43.000,00","Rp129.000,00"
28/07/2025,Abon Sapi,Manis,100 gram,1,"Rp30.000,00","Rp30.000,00"
28/07/2025,Abon Ikan,Pedas,200 gram,3,"Rp38.000,00","Rp114.000,00"
28/07/2025,Abon Ayam,Manis,200 gram,2,"Rp43.000,00","Rp86.000,00"
28/07/2025,Abon Sapi,Pedas,500 gram,1,"Rp88.000,00","Rp88.000,00"
28/07/2025,Abon Ikan,Manis,200 gram,5,"Rp38.000,00","Rp190.000,00"
28/07/2025,Abon Ayam,Pedas,500 gram,1,"Rp85.000,00","Rp85.000,00"
29/07/2025,Abon Ikan,Pedas,500 gram,1,"Rp80.000,00","Rp80.000,00"
29/07/2025,Abon Ayam,Manis,100 gram,1,"Rp27.000,00","Rp27.000,00"
29/07/2025,Abon Sapi,Pedas,200 gram,1,"Rp46.000,00","Rp46.000,00"
29/07/2025,Abon Ikan,Manis,500 gram,4,"Rp80.000,00","Rp320.000,00"
29/07/2025,Abon Ayam,Pedas,200 gram,3,"Rp43.000,00","Rp129.000,00"
29/07/2025,Abon Sapi,Manis,100 gram,1,"Rp30.000,00","Rp30.000,00"
29/07/2025,Abon Ikan,Pedas,200 gram,3,"Rp38.000,00","Rp114.000,00"
29/07/2025,Abon Ayam,Manis,200 gram,2,"Rp43.000,00","Rp86.000,00"
29/07/2025,Abon Sapi,Pedas,500 gram,1,"Rp88.000,00","Rp88.000,00"
29/07/2025,Abon Ikan,Manis,200 gram,5,"Rp38.000,00","Rp190.000,00"
29/07/2025,Abon Ayam,Pedas,500 gram,1,"Rp85.000,00","Rp85.000,00"
30/07/2025,Abon Ikan,Pedas,500 gram,1,"Rp80.000,00","Rp80.000,00"
30/07/2025,Abon Ayam,Manis,100 gram,1,"Rp27.000,00","Rp27.000,00"
30/07/2025,Abon Sapi,Pedas,200 gram,1,"Rp46.000,00","Rp46.000,00"
30/07/2025,Abon Ikan,Manis,500 gram,4,"Rp80.000,00","Rp320.000,00"
30/07/2025,Abon Ayam,Pedas,200 gram,3,"Rp43.000,00","Rp129.000,00"
30/07/2025,Abon Sapi,Manis,100 gram,1,"Rp30.000,00","Rp30.000,00"
30/07/2025,Abon Ikan,Pedas,200 gram,3,"Rp38.000,00","Rp114.000,00"
30/07/2025,Abon Ayam,Manis,200 gram,2,"Rp43.000,00","Rp86.000,00"
30/07/2025,Abon Sapi,Pedas,500 gram,1,"Rp88.000,00","Rp88.000,00"
30/07/2025,Abon Ikan,Manis,200 gram,5,"Rp38.000,00","Rp190.000,00"
30/07/2025,Abon Ayam,Pedas,500 gram,1,"Rp85.000,00","Rp85.000,00"
31/07/2025,Abon Ikan,Pedas,500 gram,1,"Rp80.000,00","Rp80.000,00"
31/07/2025,Abon Ayam,Manis,100 gram,1,"Rp27.000,00","Rp27.000,00"
31/07/2025,Abon Sapi,Pedas,200 gram,1,"Rp46.000,00","Rp46.000,00"
31/07/2025,Abon Ikan,Manis,500 gram,4,"Rp80.000,00","Rp320.000,00"
31/07/2025,Abon Ayam,Pedas,200 gram,3,"Rp43.000,00","Rp129.000,00"
31/07/2025,Abon Sapi,Manis,100 gram,1,"Rp30.000,00","Rp30.000,00"
31/07/2025,Abon Ikan,Pedas,200 gram,3,"Rp38.000,00","Rp114.000,00"
31/07/2025,Abon Ayam,Manis,200 gram,2,"Rp43.000,00","Rp86.000,00"
31/07/2025,Abon Sapi,Pedas,500 gram,1,"Rp88.000,00","Rp88.000,00"
31/07/2025,Abon Ikan,Manis,200 gram,5,"Rp38.000,00","Rp190.000,00"
31/07/2025,Abon Ayam,Pedas,500 gram,1,"Rp85.000,00","Rp85.000,00"